REGIONAL_GESTOR;REGIONAL;FAMILIA;PERIODO;VOL_PREV
CO NO;CENTRO OESTE;00 - TUBOS PVC KRONA;2026-10-01;749456,32
CO NO;CENTRO OESTE;00 - TUBOS PVC KRONA;2026-11-01;714416,07
CO NO;CENTRO OESTE;00 - TUBOS PVC KRONA;2026-12-01;774879,35
CO NO;CENTRO OESTE;00 - TUBOS PVC KRONA;2027-01-01;532011,17
CO NO;CENTRO OESTE;01 - TUBOS ELETRODUTOS KRONA;2026-10-01;7539,48
CO NO;CENTRO OESTE;01 - TUBOS ELETRODUTOS KRONA;2026-11-01;7700,16
CO NO;CENTRO OESTE;01 - TUBOS ELETRODUTOS KRONA;2026-12-01;7828,42
CO NO;CENTRO OESTE;01 - TUBOS ELETRODUTOS KRONA;2027-01-01;7469,81
CO NO;CENTRO OESTE;02 - CONEXOES KRONA;2026-10-01;158624,23
CO NO;CENTRO OESTE;02 - CONEXOES KRONA;2026-11-01;148743,22
CO NO;CENTRO OESTE;02 - CONEXOES KRONA;2026-12-01;174164,66
CO NO;CENTRO OESTE;02 - CONEXOES KRONA;2027-01-01;128400,12
CO NO;CENTRO OESTE;03 - ACESSORIOS KRONA;2026-10-01;34677,34
CO NO;CENTRO OESTE;03 - ACESSORIOS KRONA;2026-11-01;25719,88
CO NO;CENTRO OESTE;03 - ACESSORIOS KRONA;2026-12-01;21206,61
CO NO;CENTRO OESTE;03 - ACESSORIOS KRONA;2027-01-01;36232,11
CO NO;CENTRO OESTE;04 - PRODUTOS REVENDA;2026-10-01;10613,01
CO NO;CENTRO OESTE;04 - PRODUTOS REVENDA;2026-11-01;9505,58
CO NO;CENTRO OESTE;04 - PRODUTOS REVENDA;2026-12-01;11982,32
CO NO;CENTRO OESTE;04 - PRODUTOS REVENDA;2027-01-01;7482,19
CO NO;CENTRO OESTE;29 - PPR;2026-10-01;32,97
CO NO;CENTRO OESTE;29 - PPR;2026-11-01;32,99
CO NO;CENTRO OESTE;29 - PPR;2026-12-01;33,02
CO NO;CENTRO OESTE;29 - PPR;2027-01-01;33,04
CO NO;CENTRO OESTE;30 - ELETRODUTOS CORRUGADOS KRONA;2026-10-01;102327,76
CO NO;CENTRO OESTE;30 - ELETRODUTOS CORRUGADOS KRONA;2026-11-01;81501,26
CO NO;CENTRO OESTE;30 - ELETRODUTOS CORRUGADOS KRONA;2026-12-01;46410,97
CO NO;CENTRO OESTE;30 - ELETRODUTOS CORRUGADOS KRONA;2027-01-01;94042,06
CO NO;CENTRO OESTE;31 - CPVC ULTRATERM;2026-10-01;2713,25
CO NO;CENTRO OESTE;31 - CPVC ULTRATERM;2026-11-01;2529,59
CO NO;CENTRO OESTE;31 - CPVC ULTRATERM;2026-12-01;3005,78
CO NO;CENTRO OESTE;31 - CPVC ULTRATERM;2027-01-01;2331,65
CO NO;NORTE;00 - TUBOS PVC KRONA;2026-10-01;351561,81
CO NO;NORTE;00 - TUBOS PVC KRONA;2026-11-01;346542,84
CO NO;NORTE;00 - TUBOS PVC KRONA;2026-12-01;351441,06
CO NO;NORTE;00 - TUBOS PVC KRONA;2027-01-01;373683,65
CO NO;NORTE;01 - TUBOS ELETRODUTOS KRONA;2026-10-01;10581,77
CO NO;NORTE;01 - TUBOS ELETRODUTOS KRONA;2026-11-01;9483,48
CO NO;NORTE;01 - TUBOS ELETRODUTOS KRONA;2026-12-01;10200,31
CO NO;NORTE;01 - TUBOS ELETRODUTOS KRONA;2027-01-01;10001,25
CO NO;NORTE;02 - CONEXOES KRONA;2026-10-01;104289,98
CO NO;NORTE;02 - CONEXOES KRONA;2026-11-01;101132,01
CO NO;NORTE;02 - CONEXOES KRONA;2026-12-01;103454,85
CO NO;NORTE;02 - CONEXOES KRONA;2027-01-01;104988,89
CO NO;NORTE;03 - ACESSORIOS KRONA;2026-10-01;15346,35
CO NO;NORTE;03 - ACESSORIOS KRONA;2026-11-01;14330,75
CO NO;NORTE;03 - ACESSORIOS KRONA;2026-12-01;13755,57
CO NO;NORTE;03 - ACESSORIOS KRONA;2027-01-01;16690,82
CO NO;NORTE;04 - PRODUTOS REVENDA;2026-10-01;2224,71
CO NO;NORTE;04 - PRODUTOS REVENDA;2026-11-01;2049,52
CO NO;NORTE;04 - PRODUTOS REVENDA;2026-12-01;2423,25
CO NO;NORTE;04 - PRODUTOS REVENDA;2027-01-01;2000,34
CO NO;NORTE;29 - PPR;2026-10-01;0,20
CO NO;NORTE;29 - PPR;2026-11-01;0,20
CO NO;NORTE;29 - PPR;2026-12-01;0,20
CO NO;NORTE;29 - PPR;2027-01-01;0,20
CO NO;NORTE;30 - ELETRODUTOS CORRUGADOS KRONA;2026-10-01;24067,21
CO NO;NORTE;30 - ELETRODUTOS CORRUGADOS KRONA;2026-11-01;23482,06
CO NO;NORTE;30 - ELETRODUTOS CORRUGADOS KRONA;2026-12-01;24586,96
CO NO;NORTE;30 - ELETRODUTOS CORRUGADOS KRONA;2027-01-01;25369,97
CO NO;NORTE;31 - CPVC ULTRATERM;2026-10-01;211,24
CO NO;NORTE;31 - CPVC ULTRATERM;2026-11-01;214,30
CO NO;NORTE;31 - CPVC ULTRATERM;2026-12-01;214,95
CO NO;NORTE;31 - CPVC ULTRATERM;2027-01-01;217,30
CONSTRUTORA;CONSTR CENTRO OESTE;00 - TUBOS PVC KRONA;2026-10-01;178959,61
CONSTRUTORA;CONSTR CENTRO OESTE;00 - TUBOS PVC KRONA;2026-11-01;184056,97
CONSTRUTORA;CONSTR CENTRO OESTE;00 - TUBOS PVC KRONA;2026-12-01;182365,19
CONSTRUTORA;CONSTR CENTRO OESTE;00 - TUBOS PVC KRONA;2027-01-01;181713,09
CONSTRUTORA;CONSTR CENTRO OESTE;01 - TUBOS ELETRODUTOS KRONA;2026-10-01;1642,64
CONSTRUTORA;CONSTR CENTRO OESTE;01 - TUBOS ELETRODUTOS KRONA;2026-11-01;1288,99
CONSTRUTORA;CONSTR CENTRO OESTE;01 - TUBOS ELETRODUTOS KRONA;2026-12-01;963,62
CONSTRUTORA;CONSTR CENTRO OESTE;01 - TUBOS ELETRODUTOS KRONA;2027-01-01;620,42
CONSTRUTORA;CONSTR CENTRO OESTE;02 - CONEXOES KRONA;2026-10-01;37237,52
CONSTRUTORA;CONSTR CENTRO OESTE;02 - CONEXOES KRONA;2026-11-01;37301,67
CONSTRUTORA;CONSTR CENTRO OESTE;02 - CONEXOES KRONA;2026-12-01;37933,13
CONSTRUTORA;CONSTR CENTRO OESTE;02 - CONEXOES KRONA;2027-01-01;38344,04
CONSTRUTORA;CONSTR CENTRO OESTE;03 - ACESSORIOS KRONA;2026-10-01;611,97
CONSTRUTORA;CONSTR CENTRO OESTE;03 - ACESSORIOS KRONA;2026-11-01;628,76
CONSTRUTORA;CONSTR CENTRO OESTE;03 - ACESSORIOS KRONA;2026-12-01;617,68
CONSTRUTORA;CONSTR CENTRO OESTE;03 - ACESSORIOS KRONA;2027-01-01;580,03
CONSTRUTORA;CONSTR CENTRO OESTE;04 - PRODUTOS REVENDA;2026-10-01;5950,05
CONSTRUTORA;CONSTR CENTRO OESTE;04 - PRODUTOS REVENDA;2026-11-01;5989,38
CONSTRUTORA;CONSTR CENTRO OESTE;04 - PRODUTOS REVENDA;2026-12-01;6764,20
CONSTRUTORA;CONSTR CENTRO OESTE;04 - PRODUTOS REVENDA;2027-01-01;4898,74
CONSTRUTORA;CONSTR CENTRO OESTE;29 - PPR;2026-10-01;40,41
CONSTRUTORA;CONSTR CENTRO OESTE;29 - PPR;2026-11-01;40,41
CONSTRUTORA;CONSTR CENTRO OESTE;29 - PPR;2026-12-01;40,41
CONSTRUTORA;CONSTR CENTRO OESTE;29 - PPR;2027-01-01;40,41
CONSTRUTORA;CONSTR CENTRO OESTE;30 - ELETRODUTOS CORRUGADOS KRONA;2026-10-01;34113,29
CONSTRUTORA;CONSTR CENTRO OESTE;30 - ELETRODUTOS CORRUGADOS KRONA;2026-11-01;34518,80
CONSTRUTORA;CONSTR CENTRO OESTE;30 - ELETRODUTOS CORRUGADOS KRONA;2026-12-01;31943,37
CONSTRUTORA;CONSTR CENTRO OESTE;30 - ELETRODUTOS CORRUGADOS KRONA;2027-01-01;22870,99
CONSTRUTORA;CONSTR CENTRO OESTE;31 - CPVC ULTRATERM;2026-10-01;1347,23
CONSTRUTORA;CONSTR CENTRO OESTE;31 - CPVC ULTRATERM;2026-11-01;1379,21
CONSTRUTORA;CONSTR CENTRO OESTE;31 - CPVC ULTRATERM;2026-12-01;1400,84
CONSTRUTORA;CONSTR CENTRO OESTE;31 - CPVC ULTRATERM;2027-01-01;1434,52
CONSTRUTORA;CONSTR NORDESTE;00 - TUBOS PVC KRONA;2026-10-01;365507,58
CONSTRUTORA;CONSTR NORDESTE;00 - TUBOS PVC KRONA;2026-11-01;370969,07
CONSTRUTORA;CONSTR NORDESTE;00 - TUBOS PVC KRONA;2026-12-01;373089,57
CONSTRUTORA;CONSTR NORDESTE;00 - TUBOS PVC KRONA;2027-01-01;382399,32
CONSTRUTORA;CONSTR NORDESTE;01 - TUBOS ELETRODUTOS KRONA;2026-10-01;34661,13
CONSTRUTORA;CONSTR NORDESTE;01 - TUBOS ELETRODUTOS KRONA;2026-11-01;33436,74
CONSTRUTORA;CONSTR NORDESTE;01 - TUBOS ELETRODUTOS KRONA;2026-12-01;31606,89
CONSTRUTORA;CONSTR NORDESTE;01 - TUBOS ELETRODUTOS KRONA;2027-01-01;35063,04
CONSTRUTORA;CONSTR NORDESTE;02 - CONEXOES KRONA;2026-10-01;73877,52
CONSTRUTORA;CONSTR NORDESTE;02 - CONEXOES KRONA;2026-11-01;73344,98
CONSTRUTORA;CONSTR NORDESTE;02 - CONEXOES KRONA;2026-12-01;75239,70
CONSTRUTORA;CONSTR NORDESTE;02 - CONEXOES KRONA;2027-01-01;71852,42
CONSTRUTORA;CONSTR NORDESTE;03 - ACESSORIOS KRONA;2026-10-01;4335,41
CONSTRUTORA;CONSTR NORDESTE;03 - ACESSORIOS KRONA;2026-11-01;4216,18
CONSTRUTORA;CONSTR NORDESTE;03 - ACESSORIOS KRONA;2026-12-01;4406,75
CONSTRUTORA;CONSTR NORDESTE;03 - ACESSORIOS KRONA;2027-01-01;4020,50
CONSTRUTORA;CONSTR NORDESTE;04 - PRODUTOS REVENDA;2026-10-01;6513,83
CONSTRUTORA;CONSTR NORDESTE;04 - PRODUTOS REVENDA;2026-11-01;6592,81
CONSTRUTORA;CONSTR NORDESTE;04 - PRODUTOS REVENDA;2026-12-01;6352,29
CONSTRUTORA;CONSTR NORDESTE;04 - PRODUTOS REVENDA;2027-01-01;6467,48
CONSTRUTORA;CONSTR NORDESTE;29 - PPR;2026-10-01;5992,84
CONSTRUTORA;CONSTR NORDESTE;29 - PPR;2026-11-01;6203,08
CONSTRUTORA;CONSTR NORDESTE;29 - PPR;2026-12-01;6494,56
CONSTRUTORA;CONSTR NORDESTE;29 - PPR;2027-01-01;6488,86
CONSTRUTORA;CONSTR NORDESTE;30 - ELETRODUTOS CORRUGADOS KRONA;2026-10-01;57859,85
CONSTRUTORA;CONSTR NORDESTE;30 - ELETRODUTOS CORRUGADOS KRONA;2026-11-01;55706,74
CONSTRUTORA;CONSTR NORDESTE;30 - ELETRODUTOS CORRUGADOS KRONA;2026-12-01;54926,22
CONSTRUTORA;CONSTR NORDESTE;30 - ELETRODUTOS CORRUGADOS KRONA;2027-01-01;62798,40
CONSTRUTORA;CONSTR NORDESTE;31 - CPVC ULTRATERM;2026-10-01;2379,54
CONSTRUTORA;CONSTR NORDESTE;31 - CPVC ULTRATERM;2026-11-01;2367,74
CONSTRUTORA;CONSTR NORDESTE;31 - CPVC ULTRATERM;2026-12-01;2301,52
CONSTRUTORA;CONSTR NORDESTE;31 - CPVC ULTRATERM;2027-01-01;2741,13
CONSTRUTORA;CONSTR NORTE;00 - TUBOS PVC KRONA;2026-10-01;13569,21
CONSTRUTORA;CONSTR NORTE;00 - TUBOS PVC KRONA;2026-11-01;12409,52
CONSTRUTORA;CONSTR NORTE;00 - TUBOS PVC KRONA;2026-12-01;20448,96
CONSTRUTORA;CONSTR NORTE;00 - TUBOS PVC KRONA;2027-01-01;11689,27
CONSTRUTORA;CONSTR NORTE;01 - TUBOS ELETRODUTOS KRONA;2026-10-01;642,44
CONSTRUTORA;CONSTR NORTE;01 - TUBOS ELETRODUTOS KRONA;2026-11-01;275,11
CONSTRUTORA;CONSTR NORTE;01 - TUBOS ELETRODUTOS KRONA;2026-12-01;1017,76
CONSTRUTORA;CONSTR NORTE;01 - TUBOS ELETRODUTOS KRONA;2027-01-01;499,69
CONSTRUTORA;CONSTR NORTE;02 - CONEXOES KRONA;2026-10-01;2182,88
CONSTRUTORA;CONSTR NORTE;02 - CONEXOES KRONA;2026-11-01;2118,27
CONSTRUTORA;CONSTR NORTE;02 - CONEXOES KRONA;2026-12-01;2347,79
CONSTRUTORA;CONSTR NORTE;02 - CONEXOES KRONA;2027-01-01;2937,54
CONSTRUTORA;CONSTR NORTE;03 - ACESSORIOS KRONA;2026-10-01;166,77
CONSTRUTORA;CONSTR NORTE;03 - ACESSORIOS KRONA;2026-11-01;40,16
CONSTRUTORA;CONSTR NORTE;03 - ACESSORIOS KRONA;2026-12-01;38,73
CONSTRUTORA;CONSTR NORTE;03 - ACESSORIOS KRONA;2027-01-01;40,87
CONSTRUTORA;CONSTR NORTE;04 - PRODUTOS REVENDA;2026-10-01;328,54
CONSTRUTORA;CONSTR NORTE;04 - PRODUTOS REVENDA;2026-11-01;276,80
CONSTRUTORA;CONSTR NORTE;04 - PRODUTOS REVENDA;2026-12-01;265,43
CONSTRUTORA;CONSTR NORTE;04 - PRODUTOS REVENDA;2027-01-01;458,98
CONSTRUTORA;CONSTR NORTE;29 - PPR;2026-10-01;6,27
CONSTRUTORA;CONSTR NORTE;29 - PPR;2026-11-01;6,27
CONSTRUTORA;CONSTR NORTE;29 - PPR;2026-12-01;6,27
CONSTRUTORA;CONSTR NORTE;29 - PPR;2027-01-01;6,27
CONSTRUTORA;CONSTR NORTE;30 - ELETRODUTOS CORRUGADOS KRONA;2026-10-01;3093,47
CONSTRUTORA;CONSTR NORTE;30 - ELETRODUTOS CORRUGADOS KRONA;2026-11-01;3895,54
CONSTRUTORA;CONSTR NORTE;30 - ELETRODUTOS CORRUGADOS KRONA;2026-12-01;3748,19
CONSTRUTORA;CONSTR NORTE;30 - ELETRODUTOS CORRUGADOS KRONA;2027-01-01;2342,77
CONSTRUTORA;CONSTR NORTE;31 - CPVC ULTRATERM;2026-10-01;395,17
CONSTRUTORA;CONSTR NORTE;31 - CPVC ULTRATERM;2026-11-01;395,54
CONSTRUTORA;CONSTR NORTE;31 - CPVC ULTRATERM;2026-12-01;395,91
CONSTRUTORA;CONSTR NORTE;31 - CPVC ULTRATERM;2027-01-01;396,28
CONSTRUTORA;CONSTR SAO PAULO;00 - TUBOS PVC KRONA;2026-10-01;137202,26
CONSTRUTORA;CONSTR SAO PAULO;00 - TUBOS PVC KRONA;2026-11-01;131066,04
CONSTRUTORA;CONSTR SAO PAULO;00 - TUBOS PVC KRONA;2026-12-01;145979,04
CONSTRUTORA;CONSTR SAO PAULO;00 - TUBOS PVC KRONA;2027-01-01;112344,56
CONSTRUTORA;CONSTR SAO PAULO;01 - TUBOS ELETRODUTOS KRONA;2026-10-01;2009,46
CONSTRUTORA;CONSTR SAO PAULO;01 - TUBOS ELETRODUTOS KRONA;2026-11-01;2055,86
CONSTRUTORA;CONSTR SAO PAULO;01 - TUBOS ELETRODUTOS KRONA;2026-12-01;1503,36
CONSTRUTORA;CONSTR SAO PAULO;01 - TUBOS ELETRODUTOS KRONA;2027-01-01;1431,59
CONSTRUTORA;CONSTR SAO PAULO;02 - CONEXOES KRONA;2026-10-01;26659,83
CONSTRUTORA;CONSTR SAO PAULO;02 - CONEXOES KRONA;2026-11-01;27178,14
CONSTRUTORA;CONSTR SAO PAULO;02 - CONEXOES KRONA;2026-12-01;28215,58
CONSTRUTORA;CONSTR SAO PAULO;02 - CONEXOES KRONA;2027-01-01;26042,51
CONSTRUTORA;CONSTR SAO PAULO;03 - ACESSORIOS KRONA;2026-10-01;430,14
CONSTRUTORA;CONSTR SAO PAULO;03 - ACESSORIOS KRONA;2026-11-01;530,38
CONSTRUTORA;CONSTR SAO PAULO;03 - ACESSORIOS KRONA;2026-12-01;391,20
CONSTRUTORA;CONSTR SAO PAULO;03 - ACESSORIOS KRONA;2027-01-01;449,50
CONSTRUTORA;CONSTR SAO PAULO;04 - PRODUTOS REVENDA;2026-10-01;4414,23
CONSTRUTORA;CONSTR SAO PAULO;04 - PRODUTOS REVENDA;2026-11-01;4372,05
CONSTRUTORA;CONSTR SAO PAULO;04 - PRODUTOS REVENDA;2026-12-01;4476,26
CONSTRUTORA;CONSTR SAO PAULO;04 - PRODUTOS REVENDA;2027-01-01;4674,47
CONSTRUTORA;CONSTR SAO PAULO;29 - PPR;2026-10-01;386,91
CONSTRUTORA;CONSTR SAO PAULO;29 - PPR;2026-11-01;386,06
CONSTRUTORA;CONSTR SAO PAULO;29 - PPR;2026-12-01;385,21
CONSTRUTORA;CONSTR SAO PAULO;29 - PPR;2027-01-01;384,36
CONSTRUTORA;CONSTR SAO PAULO;30 - ELETRODUTOS CORRUGADOS KRONA;2026-10-01;40705,32
CONSTRUTORA;CONSTR SAO PAULO;30 - ELETRODUTOS CORRUGADOS KRONA;2026-11-01;42096,75
CONSTRUTORA;CONSTR SAO PAULO;30 - ELETRODUTOS CORRUGADOS KRONA;2026-12-01;40212,41
CONSTRUTORA;CONSTR SAO PAULO;30 - ELETRODUTOS CORRUGADOS KRONA;2027-01-01;43188,86
CONSTRUTORA;CONSTR SAO PAULO;31 - CPVC ULTRATERM;2026-10-01;678,85
CONSTRUTORA;CONSTR SAO PAULO;31 - CPVC ULTRATERM;2026-11-01;774,55
CONSTRUTORA;CONSTR SAO PAULO;31 - CPVC ULTRATERM;2026-12-01;672,01
CONSTRUTORA;CONSTR SAO PAULO;31 - CPVC ULTRATERM;2027-01-01;717,89
CONSTRUTORA;CONSTR SUDESTE;00 - TUBOS PVC KRONA;2026-10-01;51837,95
CONSTRUTORA;CONSTR SUDESTE;00 - TUBOS PVC KRONA;2026-11-01;46618,15
CONSTRUTORA;CONSTR SUDESTE;00 - TUBOS PVC KRONA;2026-12-01;46473,16
CONSTRUTORA;CONSTR SUDESTE;00 - TUBOS PVC KRONA;2027-01-01;40506,00
CONSTRUTORA;CONSTR SUDESTE;01 - TUBOS ELETRODUTOS KRONA;2026-10-01;3757,10
CONSTRUTORA;CONSTR SUDESTE;01 - TUBOS ELETRODUTOS KRONA;2026-11-01;3881,87
CONSTRUTORA;CONSTR SUDESTE;01 - TUBOS ELETRODUTOS KRONA;2026-12-01;3762,53
CONSTRUTORA;CONSTR SUDESTE;01 - TUBOS ELETRODUTOS KRONA;2027-01-01;3816,78
CONSTRUTORA;CONSTR SUDESTE;02 - CONEXOES KRONA;2026-10-01;12644,96
CONSTRUTORA;CONSTR SUDESTE;02 - CONEXOES KRONA;2026-11-01;10784,28
CONSTRUTORA;CONSTR SUDESTE;02 - CONEXOES KRONA;2026-12-01;11733,80
CONSTRUTORA;CONSTR SUDESTE;02 - CONEXOES KRONA;2027-01-01;11037,62
CONSTRUTORA;CONSTR SUDESTE;03 - ACESSORIOS KRONA;2026-10-01;381,86
CONSTRUTORA;CONSTR SUDESTE;03 - ACESSORIOS KRONA;2026-11-01;383,85
CONSTRUTORA;CONSTR SUDESTE;03 - ACESSORIOS KRONA;2026-12-01;516,61
CONSTRUTORA;CONSTR SUDESTE;03 - ACESSORIOS KRONA;2027-01-01;433,24
CONSTRUTORA;CONSTR SUDESTE;04 - PRODUTOS REVENDA;2026-10-01;1853,03
CONSTRUTORA;CONSTR SUDESTE;04 - PRODUTOS REVENDA;2026-11-01;1575,29
CONSTRUTORA;CONSTR SUDESTE;04 - PRODUTOS REVENDA;2026-12-01;1794,08
CONSTRUTORA;CONSTR SUDESTE;04 - PRODUTOS REVENDA;2027-01-01;1262,77
CONSTRUTORA;CONSTR SUDESTE;29 - PPR;2026-10-01;236,26
CONSTRUTORA;CONSTR SUDESTE;29 - PPR;2026-11-01;211,72
CONSTRUTORA;CONSTR SUDESTE;29 - PPR;2026-12-01;213,31
CONSTRUTORA;CONSTR SUDESTE;29 - PPR;2027-01-01;232,84
CONSTRUTORA;CONSTR SUDESTE;30 - ELETRODUTOS CORRUGADOS KRONA;2026-10-01;24858,23
CONSTRUTORA;CONSTR SUDESTE;30 - ELETRODUTOS CORRUGADOS KRONA;2026-11-01;25098,45
CONSTRUTORA;CONSTR SUDESTE;30 - ELETRODUTOS CORRUGADOS KRONA;2026-12-01;25393,47
CONSTRUTORA;CONSTR SUDESTE;30 - ELETRODUTOS CORRUGADOS KRONA;2027-01-01;25286,24
CONSTRUTORA;CONSTR SUDESTE;31 - CPVC ULTRATERM;2026-10-01;2251,20
CONSTRUTORA;CONSTR SUDESTE;31 - CPVC ULTRATERM;2026-11-01;2215,62
CONSTRUTORA;CONSTR SUDESTE;31 - CPVC ULTRATERM;2026-12-01;2218,00
CONSTRUTORA;CONSTR SUDESTE;31 - CPVC ULTRATERM;2027-01-01;1758,53
CONSTRUTORA;CONSTR SUL;00 - TUBOS PVC KRONA;2026-10-01;192438,44
CONSTRUTORA;CONSTR SUL;00 - TUBOS PVC KRONA;2026-11-01;186390,86
CONSTRUTORA;CONSTR SUL;00 - TUBOS PVC KRONA;2026-12-01;189194,17
CONSTRUTORA;CONSTR SUL;00 - TUBOS PVC KRONA;2027-01-01;200609,48
CONSTRUTORA;CONSTR SUL;01 - TUBOS ELETRODUTOS KRONA;2026-10-01;6228,49
CONSTRUTORA;CONSTR SUL;01 - TUBOS ELETRODUTOS KRONA;2026-11-01;6404,65
CONSTRUTORA;CONSTR SUL;01 - TUBOS ELETRODUTOS KRONA;2026-12-01;6197,27
CONSTRUTORA;CONSTR SUL;01 - TUBOS ELETRODUTOS KRONA;2027-01-01;7607,84
CONSTRUTORA;CONSTR SUL;02 - CONEXOES KRONA;2026-10-01;47501,96
CONSTRUTORA;CONSTR SUL;02 - CONEXOES KRONA;2026-11-01;46073,49
CONSTRUTORA;CONSTR SUL;02 - CONEXOES KRONA;2026-12-01;45694,66
CONSTRUTORA;CONSTR SUL;02 - CONEXOES KRONA;2027-01-01;48500,57
CONSTRUTORA;CONSTR SUL;03 - ACESSORIOS KRONA;2026-10-01;936,69
CONSTRUTORA;CONSTR SUL;03 - ACESSORIOS KRONA;2026-11-01;1000,28
CONSTRUTORA;CONSTR SUL;03 - ACESSORIOS KRONA;2026-12-01;1045,33
CONSTRUTORA;CONSTR SUL;03 - ACESSORIOS KRONA;2027-01-01;1053,71
CONSTRUTORA;CONSTR SUL;04 - PRODUTOS REVENDA;2026-10-01;3994,00
CONSTRUTORA;CONSTR SUL;04 - PRODUTOS REVENDA;2026-11-01;3559,71
CONSTRUTORA;CONSTR SUL;04 - PRODUTOS REVENDA;2026-12-01;3757,64
CONSTRUTORA;CONSTR SUL;04 - PRODUTOS REVENDA;2027-01-01;3837,59
CONSTRUTORA;CONSTR SUL;29 - PPR;2026-10-01;6776,30
CONSTRUTORA;CONSTR SUL;29 - PPR;2026-11-01;6927,51
CONSTRUTORA;CONSTR SUL;29 - PPR;2026-12-01;7681,16
CONSTRUTORA;CONSTR SUL;29 - PPR;2027-01-01;7167,30
CONSTRUTORA;CONSTR SUL;30 - ELETRODUTOS CORRUGADOS KRONA;2026-10-01;47315,87
CONSTRUTORA;CONSTR SUL;30 - ELETRODUTOS CORRUGADOS KRONA;2026-11-01;46619,70
CONSTRUTORA;CONSTR SUL;30 - ELETRODUTOS CORRUGADOS KRONA;2026-12-01;44005,32
CONSTRUTORA;CONSTR SUL;30 - ELETRODUTOS CORRUGADOS KRONA;2027-01-01;42129,16
CONSTRUTORA;CONSTR SUL;31 - CPVC ULTRATERM;2026-10-01;2929,33
CONSTRUTORA;CONSTR SUL;31 - CPVC ULTRATERM;2026-11-01;3994,16
CONSTRUTORA;CONSTR SUL;31 - CPVC ULTRATERM;2026-12-01;2672,08
CONSTRUTORA;CONSTR SUL;31 - CPVC ULTRATERM;2027-01-01;2696,82
EXPORTACAO;EXPORTACAO;00 - TUBOS PVC KRONA;2026-10-01;10928,99
EXPORTACAO;EXPORTACAO;00 - TUBOS PVC KRONA;2026-11-01;12010,47
EXPORTACAO;EXPORTACAO;00 - TUBOS PVC KRONA;2026-12-01;13170,94
EXPORTACAO;EXPORTACAO;00 - TUBOS PVC KRONA;2027-01-01;12121,99
EXPORTACAO;EXPORTACAO;01 - TUBOS ELETRODUTOS KRONA;2026-10-01;59,42
EXPORTACAO;EXPORTACAO;01 - TUBOS ELETRODUTOS KRONA;2026-11-01;59,42
EXPORTACAO;EXPORTACAO;01 - TUBOS ELETRODUTOS KRONA;2026-12-01;59,42
EXPORTACAO;EXPORTACAO;01 - TUBOS ELETRODUTOS KRONA;2027-01-01;59,42
EXPORTACAO;EXPORTACAO;02 - CONEXOES KRONA;2026-10-01;38461,55
EXPORTACAO;EXPORTACAO;02 - CONEXOES KRONA;2026-11-01;37840,49
EXPORTACAO;EXPORTACAO;02 - CONEXOES KRONA;2026-12-01;40933,74
EXPORTACAO;EXPORTACAO;02 - CONEXOES KRONA;2027-01-01;40002,34
EXPORTACAO;EXPORTACAO;03 - ACESSORIOS KRONA;2026-10-01;13014,00
EXPORTACAO;EXPORTACAO;03 - ACESSORIOS KRONA;2026-11-01;9326,21
EXPORTACAO;EXPORTACAO;03 - ACESSORIOS KRONA;2026-12-01;13169,89
EXPORTACAO;EXPORTACAO;03 - ACESSORIOS KRONA;2027-01-01;13531,79
EXPORTACAO;EXPORTACAO;04 - PRODUTOS REVENDA;2026-10-01;526,96
EXPORTACAO;EXPORTACAO;04 - PRODUTOS REVENDA;2026-11-01;280,45
EXPORTACAO;EXPORTACAO;04 - PRODUTOS REVENDA;2026-12-01;236,24
EXPORTACAO;EXPORTACAO;04 - PRODUTOS REVENDA;2027-01-01;173,01
EXPORTACAO;EXPORTACAO;30 - ELETRODUTOS CORRUGADOS KRONA;2026-10-01;1004,86
EXPORTACAO;EXPORTACAO;30 - ELETRODUTOS CORRUGADOS KRONA;2026-11-01;423,53
EXPORTACAO;EXPORTACAO;30 - ELETRODUTOS CORRUGADOS KRONA;2026-12-01;588,53
EXPORTACAO;EXPORTACAO;30 - ELETRODUTOS CORRUGADOS KRONA;2027-01-01;2065,31
EXPORTACAO;EXPORTACAO;31 - CPVC ULTRATERM;2026-10-01;0,00
EXPORTACAO;EXPORTACAO;31 - CPVC ULTRATERM;2026-11-01;0,00
EXPORTACAO;EXPORTACAO;31 - CPVC ULTRATERM;2026-12-01;0,00
EXPORTACAO;EXPORTACAO;31 - CPVC ULTRATERM;2027-01-01;0,00
IRRIGACAO;IRRIGACAO 1;00 - TUBOS PVC KRONA;2026-10-01;8776,21
IRRIGACAO;IRRIGACAO 1;00 - TUBOS PVC KRONA;2026-11-01;10454,86
IRRIGACAO;IRRIGACAO 1;00 - TUBOS PVC KRONA;2026-12-01;12856,71
IRRIGACAO;IRRIGACAO 1;00 - TUBOS PVC KRONA;2027-01-01;7154,78
IRRIGACAO;IRRIGACAO 1;01 - TUBOS ELETRODUTOS KRONA;2026-10-01;31,51
IRRIGACAO;IRRIGACAO 1;01 - TUBOS ELETRODUTOS KRONA;2026-11-01;31,51
IRRIGACAO;IRRIGACAO 1;01 - TUBOS ELETRODUTOS KRONA;2026-12-01;31,51
IRRIGACAO;IRRIGACAO 1;01 - TUBOS ELETRODUTOS KRONA;2027-01-01;31,51
IRRIGACAO;IRRIGACAO 1;02 - CONEXOES KRONA;2026-10-01;4484,61
IRRIGACAO;IRRIGACAO 1;02 - CONEXOES KRONA;2026-11-01;4386,60
IRRIGACAO;IRRIGACAO 1;02 - CONEXOES KRONA;2026-12-01;4194,26
IRRIGACAO;IRRIGACAO 1;02 - CONEXOES KRONA;2027-01-01;4681,73
IRRIGACAO;IRRIGACAO 1;03 - ACESSORIOS KRONA;2026-10-01;115,11
IRRIGACAO;IRRIGACAO 1;03 - ACESSORIOS KRONA;2026-11-01;84,34
IRRIGACAO;IRRIGACAO 1;03 - ACESSORIOS KRONA;2026-12-01;76,94
IRRIGACAO;IRRIGACAO 1;03 - ACESSORIOS KRONA;2027-01-01;80,50
IRRIGACAO;IRRIGACAO 1;04 - PRODUTOS REVENDA;2026-10-01;243,52
IRRIGACAO;IRRIGACAO 1;04 - PRODUTOS REVENDA;2026-11-01;298,64
IRRIGACAO;IRRIGACAO 1;04 - PRODUTOS REVENDA;2026-12-01;244,06
IRRIGACAO;IRRIGACAO 1;04 - PRODUTOS REVENDA;2027-01-01;227,03
IRRIGACAO;IRRIGACAO 1;29 - PPR;2026-10-01;2,86
IRRIGACAO;IRRIGACAO 1;29 - PPR;2026-11-01;2,86
IRRIGACAO;IRRIGACAO 1;29 - PPR;2026-12-01;2,86
IRRIGACAO;IRRIGACAO 1;29 - PPR;2027-01-01;2,86
IRRIGACAO;IRRIGACAO 1;30 - ELETRODUTOS CORRUGADOS KRONA;2026-10-01;52,67
IRRIGACAO;IRRIGACAO 1;30 - ELETRODUTOS CORRUGADOS KRONA;2026-11-01;50,91
IRRIGACAO;IRRIGACAO 1;30 - ELETRODUTOS CORRUGADOS KRONA;2026-12-01;49,14
IRRIGACAO;IRRIGACAO 1;30 - ELETRODUTOS CORRUGADOS KRONA;2027-01-01;47,38
IRRIGACAO;IRRIGACAO 1;31 - CPVC ULTRATERM;2026-10-01;9,02
IRRIGACAO;IRRIGACAO 1;31 - CPVC ULTRATERM;2026-11-01;9,02
IRRIGACAO;IRRIGACAO 1;31 - CPVC ULTRATERM;2026-12-01;9,02
IRRIGACAO;IRRIGACAO 1;31 - CPVC ULTRATERM;2027-01-01;9,02
IRRIGACAO;IRRIGACAO 2;00 - TUBOS PVC KRONA;2026-10-01;4404,40
IRRIGACAO;IRRIGACAO 2;00 - TUBOS PVC KRONA;2026-11-01;3999,06
IRRIGACAO;IRRIGACAO 2;00 - TUBOS PVC KRONA;2026-12-01;5035,83
IRRIGACAO;IRRIGACAO 2;00 - TUBOS PVC KRONA;2027-01-01;4884,61
IRRIGACAO;IRRIGACAO 2;01 - TUBOS ELETRODUTOS KRONA;2026-10-01;140,36
IRRIGACAO;IRRIGACAO 2;01 - TUBOS ELETRODUTOS KRONA;2026-11-01;122,52
IRRIGACAO;IRRIGACAO 2;01 - TUBOS ELETRODUTOS KRONA;2026-12-01;65,10
IRRIGACAO;IRRIGACAO 2;01 - TUBOS ELETRODUTOS KRONA;2027-01-01;101,43
IRRIGACAO;IRRIGACAO 2;02 - CONEXOES KRONA;2026-10-01;3487,24
IRRIGACAO;IRRIGACAO 2;02 - CONEXOES KRONA;2026-11-01;3432,21
IRRIGACAO;IRRIGACAO 2;02 - CONEXOES KRONA;2026-12-01;3075,16
IRRIGACAO;IRRIGACAO 2;02 - CONEXOES KRONA;2027-01-01;3299,65
IRRIGACAO;IRRIGACAO 2;03 - ACESSORIOS KRONA;2026-10-01;69,50
IRRIGACAO;IRRIGACAO 2;03 - ACESSORIOS KRONA;2026-11-01;45,82
IRRIGACAO;IRRIGACAO 2;03 - ACESSORIOS KRONA;2026-12-01;49,89
IRRIGACAO;IRRIGACAO 2;03 - ACESSORIOS KRONA;2027-01-01;63,36
IRRIGACAO;IRRIGACAO 2;04 - PRODUTOS REVENDA;2026-10-01;96,24
IRRIGACAO;IRRIGACAO 2;04 - PRODUTOS REVENDA;2026-11-01;90,51
IRRIGACAO;IRRIGACAO 2;04 - PRODUTOS REVENDA;2026-12-01;124,70
IRRIGACAO;IRRIGACAO 2;04 - PRODUTOS REVENDA;2027-01-01;108,49
IRRIGACAO;IRRIGACAO 2;30 - ELETRODUTOS CORRUGADOS KRONA;2026-10-01;1,85
IRRIGACAO;IRRIGACAO 2;30 - ELETRODUTOS CORRUGADOS KRONA;2026-11-01;27,26
IRRIGACAO;IRRIGACAO 2;30 - ELETRODUTOS CORRUGADOS KRONA;2026-12-01;3,89
IRRIGACAO;IRRIGACAO 2;30 - ELETRODUTOS CORRUGADOS KRONA;2027-01-01;1,85
IRRIGACAO;IRRIGACAO 2;31 - CPVC ULTRATERM;2026-10-01;13,61
IRRIGACAO;IRRIGACAO 2;31 - CPVC ULTRATERM;2026-11-01;13,61
IRRIGACAO;IRRIGACAO 2;31 - CPVC ULTRATERM;2026-12-01;13,61
IRRIGACAO;IRRIGACAO 2;31 - CPVC ULTRATERM;2027-01-01;13,61
MINAS RJ/ES;MINAS GERAIS;00 - TUBOS PVC KRONA;2026-10-01;595544,01
MINAS RJ/ES;MINAS GERAIS;00 - TUBOS PVC KRONA;2026-11-01;568384,75
MINAS RJ/ES;MINAS GERAIS;00 - TUBOS PVC KRONA;2026-12-01;585036,73
MINAS RJ/ES;MINAS GERAIS;00 - TUBOS PVC KRONA;2027-01-01;541907,93
MINAS RJ/ES;MINAS GERAIS;01 - TUBOS ELETRODUTOS KRONA;2026-10-01;12027,93
MINAS RJ/ES;MINAS GERAIS;01 - TUBOS ELETRODUTOS KRONA;2026-11-01;8867,03
MINAS RJ/ES;MINAS GERAIS;01 - TUBOS ELETRODUTOS KRONA;2026-12-01;16892,38
MINAS RJ/ES;MINAS GERAIS;01 - TUBOS ELETRODUTOS KRONA;2027-01-01;7670,81
MINAS RJ/ES;MINAS GERAIS;02 - CONEXOES KRONA;2026-10-01;279406,55
MINAS RJ/ES;MINAS GERAIS;02 - CONEXOES KRONA;2026-11-01;271557,23
MINAS RJ/ES;MINAS GERAIS;02 - CONEXOES KRONA;2026-12-01;291762,85
MINAS RJ/ES;MINAS GERAIS;02 - CONEXOES KRONA;2027-01-01;241424,11
MINAS RJ/ES;MINAS GERAIS;03 - ACESSORIOS KRONA;2026-10-01;57689,38
MINAS RJ/ES;MINAS GERAIS;03 - ACESSORIOS KRONA;2026-11-01;54391,50
MINAS RJ/ES;MINAS GERAIS;03 - ACESSORIOS KRONA;2026-12-01;55405,06
MINAS RJ/ES;MINAS GERAIS;03 - ACESSORIOS KRONA;2027-01-01;57396,11
MINAS RJ/ES;MINAS GERAIS;04 - PRODUTOS REVENDA;2026-10-01;15874,55
MINAS RJ/ES;MINAS GERAIS;04 - PRODUTOS REVENDA;2026-11-01;16044,85
MINAS RJ/ES;MINAS GERAIS;04 - PRODUTOS REVENDA;2026-12-01;15268,65
MINAS RJ/ES;MINAS GERAIS;04 - PRODUTOS REVENDA;2027-01-01;15987,66
MINAS RJ/ES;MINAS GERAIS;29 - PPR;2026-10-01;9,56
MINAS RJ/ES;MINAS GERAIS;29 - PPR;2026-11-01;9,56
MINAS RJ/ES;MINAS GERAIS;29 - PPR;2026-12-01;9,56
MINAS RJ/ES;MINAS GERAIS;29 - PPR;2027-01-01;9,56
MINAS RJ/ES;MINAS GERAIS;30 - ELETRODUTOS CORRUGADOS KRONA;2026-10-01;110846,57
MINAS RJ/ES;MINAS GERAIS;30 - ELETRODUTOS CORRUGADOS KRONA;2026-11-01;109316,87
MINAS RJ/ES;MINAS GERAIS;30 - ELETRODUTOS CORRUGADOS KRONA;2026-12-01;113398,30
MINAS RJ/ES;MINAS GERAIS;30 - ELETRODUTOS CORRUGADOS KRONA;2027-01-01;111992,75
MINAS RJ/ES;MINAS GERAIS;31 - CPVC ULTRATERM;2026-10-01;12377,52
MINAS RJ/ES;MINAS GERAIS;31 - CPVC ULTRATERM;2026-11-01;12440,25
MINAS RJ/ES;MINAS GERAIS;31 - CPVC ULTRATERM;2026-12-01;12541,75
MINAS RJ/ES;MINAS GERAIS;31 - CPVC ULTRATERM;2027-01-01;12521,63
MINAS RJ/ES;RJ/ES;00 - TUBOS PVC KRONA;2026-10-01;302119,64
MINAS RJ/ES;RJ/ES;00 - TUBOS PVC KRONA;2026-11-01;281236,32
MINAS RJ/ES;RJ/ES;00 - TUBOS PVC KRONA;2026-12-01;326998,11
MINAS RJ/ES;RJ/ES;00 - TUBOS PVC KRONA;2027-01-01;290040,51
MINAS RJ/ES;RJ/ES;01 - TUBOS ELETRODUTOS KRONA;2026-10-01;3349,72
MINAS RJ/ES;RJ/ES;01 - TUBOS ELETRODUTOS KRONA;2026-11-01;3405,37
MINAS RJ/ES;RJ/ES;01 - TUBOS ELETRODUTOS KRONA;2026-12-01;3421,62
MINAS RJ/ES;RJ/ES;01 - TUBOS ELETRODUTOS KRONA;2027-01-01;3666,24
MINAS RJ/ES;RJ/ES;02 - CONEXOES KRONA;2026-10-01;78779,48
MINAS RJ/ES;RJ/ES;02 - CONEXOES KRONA;2026-11-01;71525,84
MINAS RJ/ES;RJ/ES;02 - CONEXOES KRONA;2026-12-01;77820,09
MINAS RJ/ES;RJ/ES;02 - CONEXOES KRONA;2027-01-01;80044,92
MINAS RJ/ES;RJ/ES;03 - ACESSORIOS KRONA;2026-10-01;13518,34
MINAS RJ/ES;RJ/ES;03 - ACESSORIOS KRONA;2026-11-01;12342,06
MINAS RJ/ES;RJ/ES;03 - ACESSORIOS KRONA;2026-12-01;13643,46
MINAS RJ/ES;RJ/ES;03 - ACESSORIOS KRONA;2027-01-01;24580,37
MINAS RJ/ES;RJ/ES;04 - PRODUTOS REVENDA;2026-10-01;2958,72
MINAS RJ/ES;RJ/ES;04 - PRODUTOS REVENDA;2026-11-01;2808,95
MINAS RJ/ES;RJ/ES;04 - PRODUTOS REVENDA;2026-12-01;2837,20
MINAS RJ/ES;RJ/ES;04 - PRODUTOS REVENDA;2027-01-01;2414,94
MINAS RJ/ES;RJ/ES;29 - PPR;2026-10-01;0,13
MINAS RJ/ES;RJ/ES;29 - PPR;2026-11-01;0,13
MINAS RJ/ES;RJ/ES;29 - PPR;2026-12-01;0,13
MINAS RJ/ES;RJ/ES;29 - PPR;2027-01-01;0,13
MINAS RJ/ES;RJ/ES;30 - ELETRODUTOS CORRUGADOS KRONA;2026-10-01;26539,14
MINAS RJ/ES;RJ/ES;30 - ELETRODUTOS CORRUGADOS KRONA;2026-11-01;26638,52
MINAS RJ/ES;RJ/ES;30 - ELETRODUTOS CORRUGADOS KRONA;2026-12-01;26141,33
MINAS RJ/ES;RJ/ES;30 - ELETRODUTOS CORRUGADOS KRONA;2027-01-01;26635,20
MINAS RJ/ES;RJ/ES;31 - CPVC ULTRATERM;2026-10-01;2224,37
MINAS RJ/ES;RJ/ES;31 - CPVC ULTRATERM;2026-11-01;2563,32
MINAS RJ/ES;RJ/ES;31 - CPVC ULTRATERM;2026-12-01;1512,25
MINAS RJ/ES;RJ/ES;31 - CPVC ULTRATERM;2027-01-01;2180,39
NORDESTE;NORDESTE 1;00 - TUBOS PVC KRONA;2026-10-01;248294,98
NORDESTE;NORDESTE 1;00 - TUBOS PVC KRONA;2026-11-01;252226,08
NORDESTE;NORDESTE 1;00 - TUBOS PVC KRONA;2026-12-01;471651,43
NORDESTE;NORDESTE 1;00 - TUBOS PVC KRONA;2027-01-01;217285,04
NORDESTE;NORDESTE 1;01 - TUBOS ELETRODUTOS KRONA;2026-10-01;14446,07
NORDESTE;NORDESTE 1;01 - TUBOS ELETRODUTOS KRONA;2026-11-01;15612,62
NORDESTE;NORDESTE 1;01 - TUBOS ELETRODUTOS KRONA;2026-12-01;19033,55
NORDESTE;NORDESTE 1;01 - TUBOS ELETRODUTOS KRONA;2027-01-01;11456,05
NORDESTE;NORDESTE 1;02 - CONEXOES KRONA;2026-10-01;62794,96
NORDESTE;NORDESTE 1;02 - CONEXOES KRONA;2026-11-01;68319,25
NORDESTE;NORDESTE 1;02 - CONEXOES KRONA;2026-12-01;79045,40
NORDESTE;NORDESTE 1;02 - CONEXOES KRONA;2027-01-01;59775,21
NORDESTE;NORDESTE 1;03 - ACESSORIOS KRONA;2026-10-01;10100,08
NORDESTE;NORDESTE 1;03 - ACESSORIOS KRONA;2026-11-01;10261,99
NORDESTE;NORDESTE 1;03 - ACESSORIOS KRONA;2026-12-01;9998,03
NORDESTE;NORDESTE 1;03 - ACESSORIOS KRONA;2027-01-01;11277,38
NORDESTE;NORDESTE 1;04 - PRODUTOS REVENDA;2026-10-01;1809,70
NORDESTE;NORDESTE 1;04 - PRODUTOS REVENDA;2026-11-01;1710,22
NORDESTE;NORDESTE 1;04 - PRODUTOS REVENDA;2026-12-01;2056,60
NORDESTE;NORDESTE 1;04 - PRODUTOS REVENDA;2027-01-01;1731,67
NORDESTE;NORDESTE 1;29 - PPR;2026-10-01;1,85
NORDESTE;NORDESTE 1;29 - PPR;2026-11-01;1,85
NORDESTE;NORDESTE 1;29 - PPR;2026-12-01;1,85
NORDESTE;NORDESTE 1;29 - PPR;2027-01-01;1,85
NORDESTE;NORDESTE 1;30 - ELETRODUTOS CORRUGADOS KRONA;2026-10-01;20178,76
NORDESTE;NORDESTE 1;30 - ELETRODUTOS CORRUGADOS KRONA;2026-11-01;21094,20
NORDESTE;NORDESTE 1;30 - ELETRODUTOS CORRUGADOS KRONA;2026-12-01;23272,60
NORDESTE;NORDESTE 1;30 - ELETRODUTOS CORRUGADOS KRONA;2027-01-01;18879,28
NORDESTE;NORDESTE 1;31 - CPVC ULTRATERM;2026-10-01;409,53
NORDESTE;NORDESTE 1;31 - CPVC ULTRATERM;2026-11-01;385,53
NORDESTE;NORDESTE 1;31 - CPVC ULTRATERM;2026-12-01;410,71
NORDESTE;NORDESTE 1;31 - CPVC ULTRATERM;2027-01-01;356,49
NORDESTE;NORDESTE 2;00 - TUBOS PVC KRONA;2026-10-01;832712,85
NORDESTE;NORDESTE 2;00 - TUBOS PVC KRONA;2026-11-01;859918,23
NORDESTE;NORDESTE 2;00 - TUBOS PVC KRONA;2026-12-01;839858,31
NORDESTE;NORDESTE 2;00 - TUBOS PVC KRONA;2027-01-01;613131,90
NORDESTE;NORDESTE 2;01 - TUBOS ELETRODUTOS KRONA;2026-10-01;44284,05
NORDESTE;NORDESTE 2;01 - TUBOS ELETRODUTOS KRONA;2026-11-01;44585,08
NORDESTE;NORDESTE 2;01 - TUBOS ELETRODUTOS KRONA;2026-12-01;45228,32
NORDESTE;NORDESTE 2;01 - TUBOS ELETRODUTOS KRONA;2027-01-01;44101,58
NORDESTE;NORDESTE 2;02 - CONEXOES KRONA;2026-10-01;178966,11
NORDESTE;NORDESTE 2;02 - CONEXOES KRONA;2026-11-01;176803,68
NORDESTE;NORDESTE 2;02 - CONEXOES KRONA;2026-12-01;179186,45
NORDESTE;NORDESTE 2;02 - CONEXOES KRONA;2027-01-01;168454,22
NORDESTE;NORDESTE 2;03 - ACESSORIOS KRONA;2026-10-01;27115,28
NORDESTE;NORDESTE 2;03 - ACESSORIOS KRONA;2026-11-01;25984,67
NORDESTE;NORDESTE 2;03 - ACESSORIOS KRONA;2026-12-01;27666,16
NORDESTE;NORDESTE 2;03 - ACESSORIOS KRONA;2027-01-01;28302,47
NORDESTE;NORDESTE 2;04 - PRODUTOS REVENDA;2026-10-01;2714,53
NORDESTE;NORDESTE 2;04 - PRODUTOS REVENDA;2026-11-01;2725,10
NORDESTE;NORDESTE 2;04 - PRODUTOS REVENDA;2026-12-01;2604,03
NORDESTE;NORDESTE 2;04 - PRODUTOS REVENDA;2027-01-01;2775,18
NORDESTE;NORDESTE 2;29 - PPR;2026-10-01;0,12
NORDESTE;NORDESTE 2;29 - PPR;2026-11-01;0,12
NORDESTE;NORDESTE 2;29 - PPR;2026-12-01;0,12
NORDESTE;NORDESTE 2;29 - PPR;2027-01-01;0,12
NORDESTE;NORDESTE 2;30 - ELETRODUTOS CORRUGADOS KRONA;2026-10-01;41216,34
NORDESTE;NORDESTE 2;30 - ELETRODUTOS CORRUGADOS KRONA;2026-11-01;41115,72
NORDESTE;NORDESTE 2;30 - ELETRODUTOS CORRUGADOS KRONA;2026-12-01;42445,09
NORDESTE;NORDESTE 2;30 - ELETRODUTOS CORRUGADOS KRONA;2027-01-01;43270,95
NORDESTE;NORDESTE 2;31 - CPVC ULTRATERM;2026-10-01;582,22
NORDESTE;NORDESTE 2;31 - CPVC ULTRATERM;2026-11-01;612,36
NORDESTE;NORDESTE 2;31 - CPVC ULTRATERM;2026-12-01;633,05
NORDESTE;NORDESTE 2;31 - CPVC ULTRATERM;2027-01-01;566,73
NORDESTE;NORDESTE 3;00 - TUBOS PVC KRONA;2026-10-01;925072,11
NORDESTE;NORDESTE 3;00 - TUBOS PVC KRONA;2026-11-01;891887,34
NORDESTE;NORDESTE 3;00 - TUBOS PVC KRONA;2026-12-01;992832,81
NORDESTE;NORDESTE 3;00 - TUBOS PVC KRONA;2027-01-01;817045,09
NORDESTE;NORDESTE 3;01 - TUBOS ELETRODUTOS KRONA;2026-10-01;39130,90
NORDESTE;NORDESTE 3;01 - TUBOS ELETRODUTOS KRONA;2026-11-01;39424,00
NORDESTE;NORDESTE 3;01 - TUBOS ELETRODUTOS KRONA;2026-12-01;38490,04
NORDESTE;NORDESTE 3;01 - TUBOS ELETRODUTOS KRONA;2027-01-01;36821,28
NORDESTE;NORDESTE 3;02 - CONEXOES KRONA;2026-10-01;161029,55
NORDESTE;NORDESTE 3;02 - CONEXOES KRONA;2026-11-01;156615,82
NORDESTE;NORDESTE 3;02 - CONEXOES KRONA;2026-12-01;167134,08
NORDESTE;NORDESTE 3;02 - CONEXOES KRONA;2027-01-01;151115,05
NORDESTE;NORDESTE 3;03 - ACESSORIOS KRONA;2026-10-01;27648,13
NORDESTE;NORDESTE 3;03 - ACESSORIOS KRONA;2026-11-01;26105,10
NORDESTE;NORDESTE 3;03 - ACESSORIOS KRONA;2026-12-01;27470,63
NORDESTE;NORDESTE 3;03 - ACESSORIOS KRONA;2027-01-01;22461,08
NORDESTE;NORDESTE 3;04 - PRODUTOS REVENDA;2026-10-01;3478,49
NORDESTE;NORDESTE 3;04 - PRODUTOS REVENDA;2026-11-01;3455,57
NORDESTE;NORDESTE 3;04 - PRODUTOS REVENDA;2026-12-01;3675,83
NORDESTE;NORDESTE 3;04 - PRODUTOS REVENDA;2027-01-01;2624,33
NORDESTE;NORDESTE 3;29 - PPR;2026-10-01;4,76
NORDESTE;NORDESTE 3;29 - PPR;2026-11-01;4,76
NORDESTE;NORDESTE 3;29 - PPR;2026-12-01;4,76
NORDESTE;NORDESTE 3;29 - PPR;2027-01-01;4,76
NORDESTE;NORDESTE 3;30 - ELETRODUTOS CORRUGADOS KRONA;2026-10-01;65771,71
NORDESTE;NORDESTE 3;30 - ELETRODUTOS CORRUGADOS KRONA;2026-11-01;66602,70
NORDESTE;NORDESTE 3;30 - ELETRODUTOS CORRUGADOS KRONA;2026-12-01;67700,63
NORDESTE;NORDESTE 3;30 - ELETRODUTOS CORRUGADOS KRONA;2027-01-01;62832,35
NORDESTE;NORDESTE 3;31 - CPVC ULTRATERM;2026-10-01;595,91
NORDESTE;NORDESTE 3;31 - CPVC ULTRATERM;2026-11-01;481,30
NORDESTE;NORDESTE 3;31 - CPVC ULTRATERM;2026-12-01;484,21
NORDESTE;NORDESTE 3;31 - CPVC ULTRATERM;2027-01-01;521,90
SP;SAO PAULO CAPITAL;00 - TUBOS PVC KRONA;2026-10-01;164772,95
SP;SAO PAULO CAPITAL;00 - TUBOS PVC KRONA;2026-11-01;136424,21
SP;SAO PAULO CAPITAL;00 - TUBOS PVC KRONA;2026-12-01;159211,39
SP;SAO PAULO CAPITAL;00 - TUBOS PVC KRONA;2027-01-01;130345,33
SP;SAO PAULO CAPITAL;01 - TUBOS ELETRODUTOS KRONA;2026-10-01;525,20
SP;SAO PAULO CAPITAL;01 - TUBOS ELETRODUTOS KRONA;2026-11-01;509,73
SP;SAO PAULO CAPITAL;01 - TUBOS ELETRODUTOS KRONA;2026-12-01;541,69
SP;SAO PAULO CAPITAL;01 - TUBOS ELETRODUTOS KRONA;2027-01-01;400,01
SP;SAO PAULO CAPITAL;02 - CONEXOES KRONA;2026-10-01;51365,78
SP;SAO PAULO CAPITAL;02 - CONEXOES KRONA;2026-11-01;45830,58
SP;SAO PAULO CAPITAL;02 - CONEXOES KRONA;2026-12-01;50195,13
SP;SAO PAULO CAPITAL;02 - CONEXOES KRONA;2027-01-01;45613,73
SP;SAO PAULO CAPITAL;03 - ACESSORIOS KRONA;2026-10-01;7761,50
SP;SAO PAULO CAPITAL;03 - ACESSORIOS KRONA;2026-11-01;6641,33
SP;SAO PAULO CAPITAL;03 - ACESSORIOS KRONA;2026-12-01;9795,79
SP;SAO PAULO CAPITAL;03 - ACESSORIOS KRONA;2027-01-01;7781,33
SP;SAO PAULO CAPITAL;04 - PRODUTOS REVENDA;2026-10-01;3630,20
SP;SAO PAULO CAPITAL;04 - PRODUTOS REVENDA;2026-11-01;3246,06
SP;SAO PAULO CAPITAL;04 - PRODUTOS REVENDA;2026-12-01;3256,22
SP;SAO PAULO CAPITAL;04 - PRODUTOS REVENDA;2027-01-01;3127,33
SP;SAO PAULO CAPITAL;29 - PPR;2026-10-01;80,60
SP;SAO PAULO CAPITAL;29 - PPR;2026-11-01;68,83
SP;SAO PAULO CAPITAL;29 - PPR;2026-12-01;74,28
SP;SAO PAULO CAPITAL;29 - PPR;2027-01-01;99,29
SP;SAO PAULO CAPITAL;30 - ELETRODUTOS CORRUGADOS KRONA;2026-10-01;12519,98
SP;SAO PAULO CAPITAL;30 - ELETRODUTOS CORRUGADOS KRONA;2026-11-01;8796,49
SP;SAO PAULO CAPITAL;30 - ELETRODUTOS CORRUGADOS KRONA;2026-12-01;8270,63
SP;SAO PAULO CAPITAL;30 - ELETRODUTOS CORRUGADOS KRONA;2027-01-01;7009,74
SP;SAO PAULO CAPITAL;31 - CPVC ULTRATERM;2026-10-01;804,99
SP;SAO PAULO CAPITAL;31 - CPVC ULTRATERM;2026-11-01;914,73
SP;SAO PAULO CAPITAL;31 - CPVC ULTRATERM;2026-12-01;877,61
SP;SAO PAULO CAPITAL;31 - CPVC ULTRATERM;2027-01-01;655,06
SP;SAO PAULO CAPITAL 2;00 - TUBOS PVC KRONA;2026-10-01;335544,91
SP;SAO PAULO CAPITAL 2;00 - TUBOS PVC KRONA;2026-11-01;320415,20
SP;SAO PAULO CAPITAL 2;00 - TUBOS PVC KRONA;2026-12-01;121275,46
SP;SAO PAULO CAPITAL 2;00 - TUBOS PVC KRONA;2027-01-01;628310,65
SP;SAO PAULO CAPITAL 2;01 - TUBOS ELETRODUTOS KRONA;2026-10-01;42,19
SP;SAO PAULO CAPITAL 2;01 - TUBOS ELETRODUTOS KRONA;2026-11-01;61,64
SP;SAO PAULO CAPITAL 2;01 - TUBOS ELETRODUTOS KRONA;2026-12-01;27,64
SP;SAO PAULO CAPITAL 2;01 - TUBOS ELETRODUTOS KRONA;2027-01-01;162,36
SP;SAO PAULO CAPITAL 2;02 - CONEXOES KRONA;2026-10-01;106740,53
SP;SAO PAULO CAPITAL 2;02 - CONEXOES KRONA;2026-11-01;89931,29
SP;SAO PAULO CAPITAL 2;02 - CONEXOES KRONA;2026-12-01;53573,33
SP;SAO PAULO CAPITAL 2;02 - CONEXOES KRONA;2027-01-01;159169,59
SP;SAO PAULO CAPITAL 2;03 - ACESSORIOS KRONA;2026-10-01;12518,23
SP;SAO PAULO CAPITAL 2;03 - ACESSORIOS KRONA;2026-11-01;13851,96
SP;SAO PAULO CAPITAL 2;03 - ACESSORIOS KRONA;2026-12-01;9955,00
SP;SAO PAULO CAPITAL 2;03 - ACESSORIOS KRONA;2027-01-01;17067,60
SP;SAO PAULO CAPITAL 2;04 - PRODUTOS REVENDA;2026-10-01;5356,90
SP;SAO PAULO CAPITAL 2;04 - PRODUTOS REVENDA;2026-11-01;4022,42
SP;SAO PAULO CAPITAL 2;04 - PRODUTOS REVENDA;2026-12-01;4092,83
SP;SAO PAULO CAPITAL 2;04 - PRODUTOS REVENDA;2027-01-01;6531,15
SP;SAO PAULO CAPITAL 2;30 - ELETRODUTOS CORRUGADOS KRONA;2026-10-01;11547,11
SP;SAO PAULO CAPITAL 2;30 - ELETRODUTOS CORRUGADOS KRONA;2026-11-01;16002,12
SP;SAO PAULO CAPITAL 2;30 - ELETRODUTOS CORRUGADOS KRONA;2026-12-01;3894,16
SP;SAO PAULO CAPITAL 2;30 - ELETRODUTOS CORRUGADOS KRONA;2027-01-01;11571,23
SP;SAO PAULO CAPITAL 2;31 - CPVC ULTRATERM;2026-10-01;1309,26
SP;SAO PAULO CAPITAL 2;31 - CPVC ULTRATERM;2026-11-01;1323,26
SP;SAO PAULO CAPITAL 2;31 - CPVC ULTRATERM;2026-12-01;1368,42
SP;SAO PAULO CAPITAL 2;31 - CPVC ULTRATERM;2027-01-01;1257,35
SP;SAO PAULO INTERIOR;00 - TUBOS PVC KRONA;2026-10-01;305050,71
SP;SAO PAULO INTERIOR;00 - TUBOS PVC KRONA;2026-11-01;209270,57
SP;SAO PAULO INTERIOR;00 - TUBOS PVC KRONA;2026-12-01;210751,43
SP;SAO PAULO INTERIOR;00 - TUBOS PVC KRONA;2027-01-01;326743,53
SP;SAO PAULO INTERIOR;01 - TUBOS ELETRODUTOS KRONA;2026-10-01;157,00
SP;SAO PAULO INTERIOR;01 - TUBOS ELETRODUTOS KRONA;2026-11-01;190,87
SP;SAO PAULO INTERIOR;01 - TUBOS ELETRODUTOS KRONA;2026-12-01;179,14
SP;SAO PAULO INTERIOR;01 - TUBOS ELETRODUTOS KRONA;2027-01-01;144,23
SP;SAO PAULO INTERIOR;02 - CONEXOES KRONA;2026-10-01;62432,43
SP;SAO PAULO INTERIOR;02 - CONEXOES KRONA;2026-11-01;48289,85
SP;SAO PAULO INTERIOR;02 - CONEXOES KRONA;2026-12-01;72178,78
SP;SAO PAULO INTERIOR;02 - CONEXOES KRONA;2027-01-01;52792,28
SP;SAO PAULO INTERIOR;03 - ACESSORIOS KRONA;2026-10-01;6429,57
SP;SAO PAULO INTERIOR;03 - ACESSORIOS KRONA;2026-11-01;6422,47
SP;SAO PAULO INTERIOR;03 - ACESSORIOS KRONA;2026-12-01;5174,21
SP;SAO PAULO INTERIOR;03 - ACESSORIOS KRONA;2027-01-01;6094,98
SP;SAO PAULO INTERIOR;04 - PRODUTOS REVENDA;2026-10-01;5039,67
SP;SAO PAULO INTERIOR;04 - PRODUTOS REVENDA;2026-11-01;3393,55
SP;SAO PAULO INTERIOR;04 - PRODUTOS REVENDA;2026-12-01;2903,59
SP;SAO PAULO INTERIOR;04 - PRODUTOS REVENDA;2027-01-01;5090,72
SP;SAO PAULO INTERIOR;29 - PPR;2026-10-01;8,59
SP;SAO PAULO INTERIOR;29 - PPR;2026-11-01;8,59
SP;SAO PAULO INTERIOR;29 - PPR;2026-12-01;8,59
SP;SAO PAULO INTERIOR;29 - PPR;2027-01-01;8,59
SP;SAO PAULO INTERIOR;30 - ELETRODUTOS CORRUGADOS KRONA;2026-10-01;19288,16
SP;SAO PAULO INTERIOR;30 - ELETRODUTOS CORRUGADOS KRONA;2026-11-01;18562,32
SP;SAO PAULO INTERIOR;30 - ELETRODUTOS CORRUGADOS KRONA;2026-12-01;19684,80
SP;SAO PAULO INTERIOR;30 - ELETRODUTOS CORRUGADOS KRONA;2027-01-01;16915,75
SP;SAO PAULO INTERIOR;31 - CPVC ULTRATERM;2026-10-01;2223,77
SP;SAO PAULO INTERIOR;31 - CPVC ULTRATERM;2026-11-01;1511,00
SP;SAO PAULO INTERIOR;31 - CPVC ULTRATERM;2026-12-01;1879,65
SP;SAO PAULO INTERIOR;31 - CPVC ULTRATERM;2027-01-01;1990,01
SUL;PARANA;00 - TUBOS PVC KRONA;2026-10-01;159827,58
SUL;PARANA;00 - TUBOS PVC KRONA;2026-11-01;165135,30
SUL;PARANA;00 - TUBOS PVC KRONA;2026-12-01;171415,21
SUL;PARANA;00 - TUBOS PVC KRONA;2027-01-01;130175,27
SUL;PARANA;01 - TUBOS ELETRODUTOS KRONA;2026-10-01;455,24
SUL;PARANA;01 - TUBOS ELETRODUTOS KRONA;2026-11-01;376,50
SUL;PARANA;01 - TUBOS ELETRODUTOS KRONA;2026-12-01;669,25
SUL;PARANA;01 - TUBOS ELETRODUTOS KRONA;2027-01-01;467,00
SUL;PARANA;02 - CONEXOES KRONA;2026-10-01;38790,77
SUL;PARANA;02 - CONEXOES KRONA;2026-11-01;36938,39
SUL;PARANA;02 - CONEXOES KRONA;2026-12-01;39856,94
SUL;PARANA;02 - CONEXOES KRONA;2027-01-01;36528,79
SUL;PARANA;03 - ACESSORIOS KRONA;2026-10-01;6949,98
SUL;PARANA;03 - ACESSORIOS KRONA;2026-11-01;6077,53
SUL;PARANA;03 - ACESSORIOS KRONA;2026-12-01;6564,72
SUL;PARANA;03 - ACESSORIOS KRONA;2027-01-01;6938,73
SUL;PARANA;04 - PRODUTOS REVENDA;2026-10-01;4210,55
SUL;PARANA;04 - PRODUTOS REVENDA;2026-11-01;3796,30
SUL;PARANA;04 - PRODUTOS REVENDA;2026-12-01;4262,90
SUL;PARANA;04 - PRODUTOS REVENDA;2027-01-01;4101,69
SUL;PARANA;29 - PPR;2026-10-01;212,21
SUL;PARANA;29 - PPR;2026-11-01;205,39
SUL;PARANA;29 - PPR;2026-12-01;232,03
SUL;PARANA;29 - PPR;2027-01-01;204,66
SUL;PARANA;30 - ELETRODUTOS CORRUGADOS KRONA;2026-10-01;21710,94
SUL;PARANA;30 - ELETRODUTOS CORRUGADOS KRONA;2026-11-01;21835,48
SUL;PARANA;30 - ELETRODUTOS CORRUGADOS KRONA;2026-12-01;21953,07
SUL;PARANA;30 - ELETRODUTOS CORRUGADOS KRONA;2027-01-01;18834,57
SUL;PARANA;31 - CPVC ULTRATERM;2026-10-01;1339,95
SUL;PARANA;31 - CPVC ULTRATERM;2026-11-01;921,11
SUL;PARANA;31 - CPVC ULTRATERM;2026-12-01;1072,71
SUL;PARANA;31 - CPVC ULTRATERM;2027-01-01;1002,88
SUL;RIO GRANDE DO SUL;00 - TUBOS PVC KRONA;2026-10-01;285776,69
SUL;RIO GRANDE DO SUL;00 - TUBOS PVC KRONA;2026-11-01;261155,07
SUL;RIO GRANDE DO SUL;00 - TUBOS PVC KRONA;2026-12-01;264706,40
SUL;RIO GRANDE DO SUL;00 - TUBOS PVC KRONA;2027-01-01;299303,70
SUL;RIO GRANDE DO SUL;01 - TUBOS ELETRODUTOS KRONA;2026-10-01;2651,96
SUL;RIO GRANDE DO SUL;01 - TUBOS ELETRODUTOS KRONA;2026-11-01;2407,99
SUL;RIO GRANDE DO SUL;01 - TUBOS ELETRODUTOS KRONA;2026-12-01;2163,95
SUL;RIO GRANDE DO SUL;01 - TUBOS ELETRODUTOS KRONA;2027-01-01;2657,63
SUL;RIO GRANDE DO SUL;02 - CONEXOES KRONA;2026-10-01;73763,59
SUL;RIO GRANDE DO SUL;02 - CONEXOES KRONA;2026-11-01;71052,28
SUL;RIO GRANDE DO SUL;02 - CONEXOES KRONA;2026-12-01;74311,58
SUL;RIO GRANDE DO SUL;02 - CONEXOES KRONA;2027-01-01;79403,88
SUL;RIO GRANDE DO SUL;03 - ACESSORIOS KRONA;2026-10-01;10879,32
SUL;RIO GRANDE DO SUL;03 - ACESSORIOS KRONA;2026-11-01;9859,23
SUL;RIO GRANDE DO SUL;03 - ACESSORIOS KRONA;2026-12-01;8506,14
SUL;RIO GRANDE DO SUL;03 - ACESSORIOS KRONA;2027-01-01;10300,04
SUL;RIO GRANDE DO SUL;04 - PRODUTOS REVENDA;2026-10-01;5794,49
SUL;RIO GRANDE DO SUL;04 - PRODUTOS REVENDA;2026-11-01;5389,96
SUL;RIO GRANDE DO SUL;04 - PRODUTOS REVENDA;2026-12-01;6134,17
SUL;RIO GRANDE DO SUL;04 - PRODUTOS REVENDA;2027-01-01;5159,15
SUL;RIO GRANDE DO SUL;29 - PPR;2026-10-01;2261,52
SUL;RIO GRANDE DO SUL;29 - PPR;2026-11-01;2303,39
SUL;RIO GRANDE DO SUL;29 - PPR;2026-12-01;2304,81
SUL;RIO GRANDE DO SUL;29 - PPR;2027-01-01;2504,83
SUL;RIO GRANDE DO SUL;30 - ELETRODUTOS CORRUGADOS KRONA;2026-10-01;19901,63
SUL;RIO GRANDE DO SUL;30 - ELETRODUTOS CORRUGADOS KRONA;2026-11-01;31882,39
SUL;RIO GRANDE DO SUL;30 - ELETRODUTOS CORRUGADOS KRONA;2026-12-01;15544,62
SUL;RIO GRANDE DO SUL;30 - ELETRODUTOS CORRUGADOS KRONA;2027-01-01;22845,23
SUL;RIO GRANDE DO SUL;31 - CPVC ULTRATERM;2026-10-01;2222,43
SUL;RIO GRANDE DO SUL;31 - CPVC ULTRATERM;2026-11-01;2258,07
SUL;RIO GRANDE DO SUL;31 - CPVC ULTRATERM;2026-12-01;2231,08
SUL;RIO GRANDE DO SUL;31 - CPVC ULTRATERM;2027-01-01;2267,13
SUL;SANTA CATARINA 01;00 - TUBOS PVC KRONA;2026-10-01;133645,09
SUL;SANTA CATARINA 01;00 - TUBOS PVC KRONA;2026-11-01;134631,04
SUL;SANTA CATARINA 01;00 - TUBOS PVC KRONA;2026-12-01;134842,17
SUL;SANTA CATARINA 01;00 - TUBOS PVC KRONA;2027-01-01;102779,26
SUL;SANTA CATARINA 01;01 - TUBOS ELETRODUTOS KRONA;2026-10-01;454,68
SUL;SANTA CATARINA 01;01 - TUBOS ELETRODUTOS KRONA;2026-11-01;548,42
SUL;SANTA CATARINA 01;01 - TUBOS ELETRODUTOS KRONA;2026-12-01;322,09
SUL;SANTA CATARINA 01;01 - TUBOS ELETRODUTOS KRONA;2027-01-01;360,04
SUL;SANTA CATARINA 01;02 - CONEXOES KRONA;2026-10-01;38933,50
SUL;SANTA CATARINA 01;02 - CONEXOES KRONA;2026-11-01;38990,02
SUL;SANTA CATARINA 01;02 - CONEXOES KRONA;2026-12-01;38704,24
SUL;SANTA CATARINA 01;02 - CONEXOES KRONA;2027-01-01;38762,16
SUL;SANTA CATARINA 01;03 - ACESSORIOS KRONA;2026-10-01;3766,53
SUL;SANTA CATARINA 01;03 - ACESSORIOS KRONA;2026-11-01;3758,08
SUL;SANTA CATARINA 01;03 - ACESSORIOS KRONA;2026-12-01;3714,24
SUL;SANTA CATARINA 01;03 - ACESSORIOS KRONA;2027-01-01;3779,38
SUL;SANTA CATARINA 01;04 - PRODUTOS REVENDA;2026-10-01;2896,58
SUL;SANTA CATARINA 01;04 - PRODUTOS REVENDA;2026-11-01;2898,59
SUL;SANTA CATARINA 01;04 - PRODUTOS REVENDA;2026-12-01;2888,61
SUL;SANTA CATARINA 01;04 - PRODUTOS REVENDA;2027-01-01;2836,93
SUL;SANTA CATARINA 01;29 - PPR;2026-10-01;1143,15
SUL;SANTA CATARINA 01;29 - PPR;2026-11-01;1011,15
SUL;SANTA CATARINA 01;29 - PPR;2026-12-01;1081,41
SUL;SANTA CATARINA 01;29 - PPR;2027-01-01;1055,75
SUL;SANTA CATARINA 01;30 - ELETRODUTOS CORRUGADOS KRONA;2026-10-01;11283,58
SUL;SANTA CATARINA 01;30 - ELETRODUTOS CORRUGADOS KRONA;2026-11-01;10350,77
SUL;SANTA CATARINA 01;30 - ELETRODUTOS CORRUGADOS KRONA;2026-12-01;10134,65
SUL;SANTA CATARINA 01;30 - ELETRODUTOS CORRUGADOS KRONA;2027-01-01;6647,76
SUL;SANTA CATARINA 01;31 - CPVC ULTRATERM;2026-10-01;1094,95
SUL;SANTA CATARINA 01;31 - CPVC ULTRATERM;2026-11-01;1115,86
SUL;SANTA CATARINA 01;31 - CPVC ULTRATERM;2026-12-01;1131,76
SUL;SANTA CATARINA 01;31 - CPVC ULTRATERM;2027-01-01;1059,23
SUL;SANTA CATARINA 02;00 - TUBOS PVC KRONA;2026-10-01;187709,50
SUL;SANTA CATARINA 02;00 - TUBOS PVC KRONA;2026-11-01;187895,02
SUL;SANTA CATARINA 02;00 - TUBOS PVC KRONA;2026-12-01;200307,52
SUL;SANTA CATARINA 02;00 - TUBOS PVC KRONA;2027-01-01;192246,67
SUL;SANTA CATARINA 02;01 - TUBOS ELETRODUTOS KRONA;2026-10-01;868,76
SUL;SANTA CATARINA 02;01 - TUBOS ELETRODUTOS KRONA;2026-11-01;686,65
SUL;SANTA CATARINA 02;01 - TUBOS ELETRODUTOS KRONA;2026-12-01;685,46
SUL;SANTA CATARINA 02;01 - TUBOS ELETRODUTOS KRONA;2027-01-01;652,19
SUL;SANTA CATARINA 02;02 - CONEXOES KRONA;2026-10-01;49834,17
SUL;SANTA CATARINA 02;02 - CONEXOES KRONA;2026-11-01;50666,46
SUL;SANTA CATARINA 02;02 - CONEXOES KRONA;2026-12-01;52609,61
SUL;SANTA CATARINA 02;02 - CONEXOES KRONA;2027-01-01;49933,64
SUL;SANTA CATARINA 02;03 - ACESSORIOS KRONA;2026-10-01;3279,14
SUL;SANTA CATARINA 02;03 - ACESSORIOS KRONA;2026-11-01;3213,53
SUL;SANTA CATARINA 02;03 - ACESSORIOS KRONA;2026-12-01;3234,56
SUL;SANTA CATARINA 02;03 - ACESSORIOS KRONA;2027-01-01;3413,17
SUL;SANTA CATARINA 02;04 - PRODUTOS REVENDA;2026-10-01;3660,78
SUL;SANTA CATARINA 02;04 - PRODUTOS REVENDA;2026-11-01;3702,50
SUL;SANTA CATARINA 02;04 - PRODUTOS REVENDA;2026-12-01;4162,23
SUL;SANTA CATARINA 02;04 - PRODUTOS REVENDA;2027-01-01;3572,87
SUL;SANTA CATARINA 02;29 - PPR;2026-10-01;737,01
SUL;SANTA CATARINA 02;29 - PPR;2026-11-01;572,35
SUL;SANTA CATARINA 02;29 - PPR;2026-12-01;628,49
SUL;SANTA CATARINA 02;29 - PPR;2027-01-01;813,26
SUL;SANTA CATARINA 02;30 - ELETRODUTOS CORRUGADOS KRONA;2026-10-01;15782,79
SUL;SANTA CATARINA 02;30 - ELETRODUTOS CORRUGADOS KRONA;2026-11-01;14410,87
SUL;SANTA CATARINA 02;30 - ELETRODUTOS CORRUGADOS KRONA;2026-12-01;12187,18
SUL;SANTA CATARINA 02;30 - ELETRODUTOS CORRUGADOS KRONA;2027-01-01;13549,18
SUL;SANTA CATARINA 02;31 - CPVC ULTRATERM;2026-10-01;1689,52
SUL;SANTA CATARINA 02;31 - CPVC ULTRATERM;2026-11-01;1750,51
SUL;SANTA CATARINA 02;31 - CPVC ULTRATERM;2026-12-01;1722,38
SUL;SANTA CATARINA 02;31 - CPVC ULTRATERM;2027-01-01;1437,69
TELEVENDAS;TELEVENDAS;00 - TUBOS PVC KRONA;2026-10-01;94454,84
TELEVENDAS;TELEVENDAS;00 - TUBOS PVC KRONA;2026-11-01;89854,54
TELEVENDAS;TELEVENDAS;00 - TUBOS PVC KRONA;2026-12-01;94841,18
TELEVENDAS;TELEVENDAS;00 - TUBOS PVC KRONA;2027-01-01;85486,97
TELEVENDAS;TELEVENDAS;01 - TUBOS ELETRODUTOS KRONA;2026-10-01;2110,77
TELEVENDAS;TELEVENDAS;01 - TUBOS ELETRODUTOS KRONA;2026-11-01;2086,69
TELEVENDAS;TELEVENDAS;01 - TUBOS ELETRODUTOS KRONA;2026-12-01;1973,55
TELEVENDAS;TELEVENDAS;01 - TUBOS ELETRODUTOS KRONA;2027-01-01;1985,17
TELEVENDAS;TELEVENDAS;02 - CONEXOES KRONA;2026-10-01;27154,26
TELEVENDAS;TELEVENDAS;02 - CONEXOES KRONA;2026-11-01;27254,21
TELEVENDAS;TELEVENDAS;02 - CONEXOES KRONA;2026-12-01;28704,80
TELEVENDAS;TELEVENDAS;02 - CONEXOES KRONA;2027-01-01;25896,72
TELEVENDAS;TELEVENDAS;03 - ACESSORIOS KRONA;2026-10-01;4003,65
TELEVENDAS;TELEVENDAS;03 - ACESSORIOS KRONA;2026-11-01;3846,36
TELEVENDAS;TELEVENDAS;03 - ACESSORIOS KRONA;2026-12-01;4222,17
TELEVENDAS;TELEVENDAS;03 - ACESSORIOS KRONA;2027-01-01;3511,70
TELEVENDAS;TELEVENDAS;04 - PRODUTOS REVENDA;2026-10-01;1736,15
TELEVENDAS;TELEVENDAS;04 - PRODUTOS REVENDA;2026-11-01;1556,66
TELEVENDAS;TELEVENDAS;04 - PRODUTOS REVENDA;2026-12-01;1522,18
TELEVENDAS;TELEVENDAS;04 - PRODUTOS REVENDA;2027-01-01;1709,19
TELEVENDAS;TELEVENDAS;29 - PPR;2026-10-01;48,95
TELEVENDAS;TELEVENDAS;29 - PPR;2026-11-01;48,13
TELEVENDAS;TELEVENDAS;29 - PPR;2026-12-01;49,12
TELEVENDAS;TELEVENDAS;29 - PPR;2027-01-01;155,67
TELEVENDAS;TELEVENDAS;30 - ELETRODUTOS CORRUGADOS KRONA;2026-10-01;6863,57
TELEVENDAS;TELEVENDAS;30 - ELETRODUTOS CORRUGADOS KRONA;2026-11-01;6713,22
TELEVENDAS;TELEVENDAS;30 - ELETRODUTOS CORRUGADOS KRONA;2026-12-01;6503,57
TELEVENDAS;TELEVENDAS;30 - ELETRODUTOS CORRUGADOS KRONA;2027-01-01;5029,54
TELEVENDAS;TELEVENDAS;31 - CPVC ULTRATERM;2026-10-01;521,73
TELEVENDAS;TELEVENDAS;31 - CPVC ULTRATERM;2026-11-01;501,98
TELEVENDAS;TELEVENDAS;31 - CPVC ULTRATERM;2026-12-01;507,93
TELEVENDAS;TELEVENDAS;31 - CPVC ULTRATERM;2027-01-01;429,14
