REGIONAL_GESTOR;REGIONAL;FAMILIA;MÉDIA 3 MESES;MÉDIA 6 MESES
CO NO;CENTRO OESTE;00 - TUBOS PVC KRONA;578566,06;733156,04
CO NO;CENTRO OESTE;01 - TUBOS ELETRODUTOS KRONA;6831,76;8633,66
CO NO;CENTRO OESTE;02 - CONEXOES KRONA;145789,63;179056,89
CO NO;CENTRO OESTE;03 - ACESSORIOS KRONA;40126,97;46792,19
CO NO;CENTRO OESTE;04 - PRODUTOS REVENDA;11234,17;12314,07
CO NO;CENTRO OESTE;29 - PPR;25,46;16,12
CO NO;CENTRO OESTE;30 - ELETRODUTOS CORRUGADOS KRONA;88908,77;107361,49
CO NO;CENTRO OESTE;31 - CPVC ULTRATERM;3164,85;3595,77
CO NO;NORTE;00 - TUBOS PVC KRONA;314469,63;402755,37
CO NO;NORTE;01 - TUBOS ELETRODUTOS KRONA;10174,74;10312,83
CO NO;NORTE;02 - CONEXOES KRONA;101553,57;113764,88
CO NO;NORTE;03 - ACESSORIOS KRONA;16981,55;16678,95
CO NO;NORTE;04 - PRODUTOS REVENDA;1989,34;2055,26
CO NO;NORTE;29 - PPR;34,35;16,49
CO NO;NORTE;30 - ELETRODUTOS CORRUGADOS KRONA;21051,85;26762,95
CO NO;NORTE;31 - CPVC ULTRATERM;119,54;193,79
CONSTRUTORA;CONSTR CENTRO OESTE;00 - TUBOS PVC KRONA;234488,43;183039,32
CONSTRUTORA;CONSTR CENTRO OESTE;01 - TUBOS ELETRODUTOS KRONA;716,69;589,08
CONSTRUTORA;CONSTR CENTRO OESTE;02 - CONEXOES KRONA;40239,96;34089,13
CONSTRUTORA;CONSTR CENTRO OESTE;03 - ACESSORIOS KRONA;443,65;453,81
CONSTRUTORA;CONSTR CENTRO OESTE;04 - PRODUTOS REVENDA;6750,42;4954,73
CONSTRUTORA;CONSTR CENTRO OESTE;29 - PPR;33,40;62,57
CONSTRUTORA;CONSTR CENTRO OESTE;30 - ELETRODUTOS CORRUGADOS KRONA;34064,89;30634,26
CONSTRUTORA;CONSTR CENTRO OESTE;31 - CPVC ULTRATERM;2234,48;1791,67
CONSTRUTORA;CONSTR NORDESTE;00 - TUBOS PVC KRONA;290607,12;388937,91
CONSTRUTORA;CONSTR NORDESTE;01 - TUBOS ELETRODUTOS KRONA;28640,48;36988,43
CONSTRUTORA;CONSTR NORDESTE;02 - CONEXOES KRONA;58411,49;74060,41
CONSTRUTORA;CONSTR NORDESTE;03 - ACESSORIOS KRONA;3723,14;3918,38
CONSTRUTORA;CONSTR NORDESTE;04 - PRODUTOS REVENDA;5972,08;7388,27
CONSTRUTORA;CONSTR NORDESTE;29 - PPR;2473,80;5187,74
CONSTRUTORA;CONSTR NORDESTE;30 - ELETRODUTOS CORRUGADOS KRONA;48762,93;56297,93
CONSTRUTORA;CONSTR NORDESTE;31 - CPVC ULTRATERM;2612,03;2603,65
CONSTRUTORA;CONSTR NORTE;00 - TUBOS PVC KRONA;13914,07;11224,96
CONSTRUTORA;CONSTR NORTE;01 - TUBOS ELETRODUTOS KRONA;488,50;314,05
CONSTRUTORA;CONSTR NORTE;02 - CONEXOES KRONA;2901,14;2727,08
CONSTRUTORA;CONSTR NORTE;03 - ACESSORIOS KRONA;69,50;100,56
CONSTRUTORA;CONSTR NORTE;04 - PRODUTOS REVENDA;470,09;389,03
CONSTRUTORA;CONSTR NORTE;29 - PPR;0,00;72,64
CONSTRUTORA;CONSTR NORTE;30 - ELETRODUTOS CORRUGADOS KRONA;782,49;1450,44
CONSTRUTORA;CONSTR NORTE;31 - CPVC ULTRATERM;38,06;304,35
CONSTRUTORA;CONSTR SAO PAULO;00 - TUBOS PVC KRONA;131067,64;144687,74
CONSTRUTORA;CONSTR SAO PAULO;01 - TUBOS ELETRODUTOS KRONA;681,99;1011,58
CONSTRUTORA;CONSTR SAO PAULO;02 - CONEXOES KRONA;24238,35;29249,04
CONSTRUTORA;CONSTR SAO PAULO;03 - ACESSORIOS KRONA;893,77;596,82
CONSTRUTORA;CONSTR SAO PAULO;04 - PRODUTOS REVENDA;4370,77;4723,85
CONSTRUTORA;CONSTR SAO PAULO;29 - PPR;21,41;445,38
CONSTRUTORA;CONSTR SAO PAULO;30 - ELETRODUTOS CORRUGADOS KRONA;29013,96;33135,17
CONSTRUTORA;CONSTR SAO PAULO;31 - CPVC ULTRATERM;626,38;594,80
CONSTRUTORA;CONSTR SUDESTE;00 - TUBOS PVC KRONA;40186,80;50046,96
CONSTRUTORA;CONSTR SUDESTE;01 - TUBOS ELETRODUTOS KRONA;1186,73;855,59
CONSTRUTORA;CONSTR SUDESTE;02 - CONEXOES KRONA;11362,04;12058,56
CONSTRUTORA;CONSTR SUDESTE;03 - ACESSORIOS KRONA;698,09;439,41
CONSTRUTORA;CONSTR SUDESTE;04 - PRODUTOS REVENDA;1312,26;1389,66
CONSTRUTORA;CONSTR SUDESTE;29 - PPR;419,13;284,47
CONSTRUTORA;CONSTR SUDESTE;30 - ELETRODUTOS CORRUGADOS KRONA;27400,47;27411,01
CONSTRUTORA;CONSTR SUDESTE;31 - CPVC ULTRATERM;1267,31;2434,13
CONSTRUTORA;CONSTR SUL;00 - TUBOS PVC KRONA;184372,03;218247,64
CONSTRUTORA;CONSTR SUL;01 - TUBOS ELETRODUTOS KRONA;4751,12;4842,18
CONSTRUTORA;CONSTR SUL;02 - CONEXOES KRONA;43964,42;51082,42
CONSTRUTORA;CONSTR SUL;03 - ACESSORIOS KRONA;973,52;939,96
CONSTRUTORA;CONSTR SUL;04 - PRODUTOS REVENDA;3750,40;4187,11
CONSTRUTORA;CONSTR SUL;29 - PPR;5271,75;8827,12
CONSTRUTORA;CONSTR SUL;30 - ELETRODUTOS CORRUGADOS KRONA;35907,37;46632,90
CONSTRUTORA;CONSTR SUL;31 - CPVC ULTRATERM;2680,24;3096,74
EXPORTACAO;EXPORTACAO;00 - TUBOS PVC KRONA;13246,50;13123,76
EXPORTACAO;EXPORTACAO;01 - TUBOS ELETRODUTOS KRONA;67,20;638,73
EXPORTACAO;EXPORTACAO;02 - CONEXOES KRONA;53366,41;50831,50
EXPORTACAO;EXPORTACAO;03 - ACESSORIOS KRONA;13472,93;14132,27
EXPORTACAO;EXPORTACAO;04 - PRODUTOS REVENDA;477,16;487,74
EXPORTACAO;EXPORTACAO;30 - ELETRODUTOS CORRUGADOS KRONA;4457,13;2971,16
EXPORTACAO;EXPORTACAO;31 - CPVC ULTRATERM;0,82;0,82
IRRIGACAO;IRRIGACAO 1;00 - TUBOS PVC KRONA;5910,61;7525,12
IRRIGACAO;IRRIGACAO 1;01 - TUBOS ELETRODUTOS KRONA;60,00;54,11
IRRIGACAO;IRRIGACAO 1;02 - CONEXOES KRONA;4176,74;4250,51
IRRIGACAO;IRRIGACAO 1;03 - ACESSORIOS KRONA;87,21;95,17
IRRIGACAO;IRRIGACAO 1;04 - PRODUTOS REVENDA;155,89;152,42
IRRIGACAO;IRRIGACAO 1;29 - PPR;0,00;35,27
IRRIGACAO;IRRIGACAO 1;30 - ELETRODUTOS CORRUGADOS KRONA;37,52;29,60
IRRIGACAO;IRRIGACAO 1;31 - CPVC ULTRATERM;34,87;34,87
IRRIGACAO;IRRIGACAO 2;00 - TUBOS PVC KRONA;2953,37;4274,28
IRRIGACAO;IRRIGACAO 2;01 - TUBOS ELETRODUTOS KRONA;111,05;174,91
IRRIGACAO;IRRIGACAO 2;02 - CONEXOES KRONA;2425,06;3004,61
IRRIGACAO;IRRIGACAO 2;03 - ACESSORIOS KRONA;14,37;51,41
IRRIGACAO;IRRIGACAO 2;04 - PRODUTOS REVENDA;51,15;74,07
IRRIGACAO;IRRIGACAO 2;30 - ELETRODUTOS CORRUGADOS KRONA;43,27;32,17
IRRIGACAO;IRRIGACAO 2;31 - CPVC ULTRATERM;0,00;1,75
MINAS RJ/ES;MINAS GERAIS;00 - TUBOS PVC KRONA;397371,73;582694,04
MINAS RJ/ES;MINAS GERAIS;01 - TUBOS ELETRODUTOS KRONA;10748,14;10715,73
MINAS RJ/ES;MINAS GERAIS;02 - CONEXOES KRONA;125313,65;216862,31
MINAS RJ/ES;MINAS GERAIS;03 - ACESSORIOS KRONA;45446,78;59932,78
MINAS RJ/ES;MINAS GERAIS;04 - PRODUTOS REVENDA;11950,26;16105,18
MINAS RJ/ES;MINAS GERAIS;29 - PPR;38,44;26,08
MINAS RJ/ES;MINAS GERAIS;30 - ELETRODUTOS CORRUGADOS KRONA;57776,77;90534,26
MINAS RJ/ES;MINAS GERAIS;31 - CPVC ULTRATERM;8600,68;11142,60
MINAS RJ/ES;RJ/ES;00 - TUBOS PVC KRONA;185260,31;343843,55
MINAS RJ/ES;RJ/ES;01 - TUBOS ELETRODUTOS KRONA;3894,65;3777,84
MINAS RJ/ES;RJ/ES;02 - CONEXOES KRONA;44509,17;96502,87
MINAS RJ/ES;RJ/ES;03 - ACESSORIOS KRONA;22837,18;26153,87
MINAS RJ/ES;RJ/ES;04 - PRODUTOS REVENDA;2312,45;3410,84
MINAS RJ/ES;RJ/ES;30 - ELETRODUTOS CORRUGADOS KRONA;15653,09;19597,69
MINAS RJ/ES;RJ/ES;31 - CPVC ULTRATERM;1052,35;1802,11
NORDESTE;NORDESTE 1;00 - TUBOS PVC KRONA;186422,85;299808,63
NORDESTE;NORDESTE 1;01 - TUBOS ELETRODUTOS KRONA;11478,18;15480,64
NORDESTE;NORDESTE 1;02 - CONEXOES KRONA;40206,13;62641,83
NORDESTE;NORDESTE 1;03 - ACESSORIOS KRONA;9215,58;13229,21
NORDESTE;NORDESTE 1;04 - PRODUTOS REVENDA;1544,81;2003,06
NORDESTE;NORDESTE 1;29 - PPR;72,53;45,62
NORDESTE;NORDESTE 1;30 - ELETRODUTOS CORRUGADOS KRONA;8683,63;13553,84
NORDESTE;NORDESTE 1;31 - CPVC ULTRATERM;320,10;319,37
NORDESTE;NORDESTE 2;00 - TUBOS PVC KRONA;532878,02;818634,97
NORDESTE;NORDESTE 2;01 - TUBOS ELETRODUTOS KRONA;29223,24;39030,86
NORDESTE;NORDESTE 2;02 - CONEXOES KRONA;104838,09;163264,69
NORDESTE;NORDESTE 2;03 - ACESSORIOS KRONA;20068,53;27425,34
NORDESTE;NORDESTE 2;04 - PRODUTOS REVENDA;2180,19;2754,11
NORDESTE;NORDESTE 2;29 - PPR;1,10;35,08
NORDESTE;NORDESTE 2;30 - ELETRODUTOS CORRUGADOS KRONA;22304,47;35849,79
NORDESTE;NORDESTE 2;31 - CPVC ULTRATERM;696,48;560,75
NORDESTE;NORDESTE 3;00 - TUBOS PVC KRONA;477458,24;834751,93
NORDESTE;NORDESTE 3;01 - TUBOS ELETRODUTOS KRONA;26521,38;37313,82
NORDESTE;NORDESTE 3;02 - CONEXOES KRONA;110293,97;159323,91
NORDESTE;NORDESTE 3;03 - ACESSORIOS KRONA;22090,15;27008,34
NORDESTE;NORDESTE 3;04 - PRODUTOS REVENDA;2588,13;2956,29
NORDESTE;NORDESTE 3;29 - PPR;0,28;39,90
NORDESTE;NORDESTE 3;30 - ELETRODUTOS CORRUGADOS KRONA;40514,67;61914,15
NORDESTE;NORDESTE 3;31 - CPVC ULTRATERM;220,19;461,05
SP;SAO PAULO CAPITAL;00 - TUBOS PVC KRONA;138888,23;175394,59
SP;SAO PAULO CAPITAL;01 - TUBOS ELETRODUTOS KRONA;630,42;792,00
SP;SAO PAULO CAPITAL;02 - CONEXOES KRONA;45288,04;51622,71
SP;SAO PAULO CAPITAL;03 - ACESSORIOS KRONA;9257,35;10083,39
SP;SAO PAULO CAPITAL;04 - PRODUTOS REVENDA;2982,89;3502,82
SP;SAO PAULO CAPITAL;29 - PPR;132,75;96,22
SP;SAO PAULO CAPITAL;30 - ELETRODUTOS CORRUGADOS KRONA;9469,80;13498,27
SP;SAO PAULO CAPITAL;31 - CPVC ULTRATERM;691,35;774,40
SP;SAO PAULO CAPITAL 2;00 - TUBOS PVC KRONA;95250,56;272727,56
SP;SAO PAULO CAPITAL 2;01 - TUBOS ELETRODUTOS KRONA;0,00;249,83
SP;SAO PAULO CAPITAL 2;02 - CONEXOES KRONA;35531,19;91115,78
SP;SAO PAULO CAPITAL 2;03 - ACESSORIOS KRONA;5201,40;11746,35
SP;SAO PAULO CAPITAL 2;04 - PRODUTOS REVENDA;1935,91;3960,53
SP;SAO PAULO CAPITAL 2;30 - ELETRODUTOS CORRUGADOS KRONA;2764,05;5939,10
SP;SAO PAULO CAPITAL 2;31 - CPVC ULTRATERM;608,11;1613,01
SP;SAO PAULO INTERIOR;00 - TUBOS PVC KRONA;152130,72;283470,41
SP;SAO PAULO INTERIOR;01 - TUBOS ELETRODUTOS KRONA;191,88;329,61
SP;SAO PAULO INTERIOR;02 - CONEXOES KRONA;34369,59;62320,50
SP;SAO PAULO INTERIOR;03 - ACESSORIOS KRONA;2788,35;6626,60
SP;SAO PAULO INTERIOR;04 - PRODUTOS REVENDA;2286,50;4387,58
SP;SAO PAULO INTERIOR;29 - PPR;31,59;21,37
SP;SAO PAULO INTERIOR;30 - ELETRODUTOS CORRUGADOS KRONA;16065,46;17420,75
SP;SAO PAULO INTERIOR;31 - CPVC ULTRATERM;1326,59;2055,16
SUL;PARANA;00 - TUBOS PVC KRONA;134815,99;187782,07
SUL;PARANA;01 - TUBOS ELETRODUTOS KRONA;500,85;486,74
SUL;PARANA;02 - CONEXOES KRONA;34157,67;49632,95
SUL;PARANA;03 - ACESSORIOS KRONA;6991,79;9587,34
SUL;PARANA;04 - PRODUTOS REVENDA;3527,45;4354,01
SUL;PARANA;29 - PPR;281,97;289,75
SUL;PARANA;30 - ELETRODUTOS CORRUGADOS KRONA;18258,27;22313,98
SUL;PARANA;31 - CPVC ULTRATERM;1025,82;1223,66
SUL;RIO GRANDE DO SUL;00 - TUBOS PVC KRONA;163267,18;333930,42
SUL;RIO GRANDE DO SUL;01 - TUBOS ELETRODUTOS KRONA;3728,31;3472,82
SUL;RIO GRANDE DO SUL;02 - CONEXOES KRONA;32055,51;82617,69
SUL;RIO GRANDE DO SUL;03 - ACESSORIOS KRONA;3379,23;11228,31
SUL;RIO GRANDE DO SUL;04 - PRODUTOS REVENDA;2380,94;6587,96
SUL;RIO GRANDE DO SUL;29 - PPR;2001,30;2428,47
SUL;RIO GRANDE DO SUL;30 - ELETRODUTOS CORRUGADOS KRONA;8448,92;21333,90
SUL;RIO GRANDE DO SUL;31 - CPVC ULTRATERM;1496,27;2439,93
SUL;SANTA CATARINA 01;00 - TUBOS PVC KRONA;118918,13;165281,68
SUL;SANTA CATARINA 01;01 - TUBOS ELETRODUTOS KRONA;355,93;520,52
SUL;SANTA CATARINA 01;02 - CONEXOES KRONA;28563,04;37951,16
SUL;SANTA CATARINA 01;03 - ACESSORIOS KRONA;2602,17;3407,15
SUL;SANTA CATARINA 01;04 - PRODUTOS REVENDA;2034,49;2935,12
SUL;SANTA CATARINA 01;29 - PPR;1251,06;1261,31
SUL;SANTA CATARINA 01;30 - ELETRODUTOS CORRUGADOS KRONA;6482,17;8023,05
SUL;SANTA CATARINA 01;31 - CPVC ULTRATERM;767,81;837,05
SUL;SANTA CATARINA 02;00 - TUBOS PVC KRONA;190187,23;253313,74
SUL;SANTA CATARINA 02;01 - TUBOS ELETRODUTOS KRONA;284,06;261,00
SUL;SANTA CATARINA 02;02 - CONEXOES KRONA;44846,33;57744,16
SUL;SANTA CATARINA 02;03 - ACESSORIOS KRONA;3256,36;3249,30
SUL;SANTA CATARINA 02;04 - PRODUTOS REVENDA;3394,67;3885,02
SUL;SANTA CATARINA 02;29 - PPR;885,90;1006,26
SUL;SANTA CATARINA 02;30 - ELETRODUTOS CORRUGADOS KRONA;12791,46;14693,52
SUL;SANTA CATARINA 02;31 - CPVC ULTRATERM;1621,46;1717,26
TELEVENDAS;TELEVENDAS;00 - TUBOS PVC KRONA;78849,03;89398,46
TELEVENDAS;TELEVENDAS;01 - TUBOS ELETRODUTOS KRONA;1404,27;2014,00
TELEVENDAS;TELEVENDAS;02 - CONEXOES KRONA;25409,06;26840,02
TELEVENDAS;TELEVENDAS;03 - ACESSORIOS KRONA;3663,86;3789,44
TELEVENDAS;TELEVENDAS;04 - PRODUTOS REVENDA;1457,37;1533,82
TELEVENDAS;TELEVENDAS;29 - PPR;167,03;146,07
TELEVENDAS;TELEVENDAS;30 - ELETRODUTOS CORRUGADOS KRONA;6358,83;7468,06
TELEVENDAS;TELEVENDAS;31 - CPVC ULTRATERM;539,06;494,69
