FAMILIA;REGIONAL;REGIONAL_GESTOR;SEGMENTO;MEDIA_VOL_VENDA_12M;MEDIA_VAL_VENDA_12M;RS_KG;ID
00 - TUBOS PVC KRONA;CENTRO OESTE;CO NO;ATACADO;523415,74;5675912,81;10,84;CENTRO OESTE|00 - TUBOS PVC KRONA|ATACADO
00 - TUBOS PVC KRONA;CENTRO OESTE;CO NO;OUTROS;196,63;3015,40;15,34;CENTRO OESTE|00 - TUBOS PVC KRONA|OUTROS
00 - TUBOS PVC KRONA;CENTRO OESTE;CO NO;VAREJO;218651,42;2553212,28;11,68;CENTRO OESTE|00 - TUBOS PVC KRONA|VAREJO
00 - TUBOS PVC KRONA;CONSTR CENTRO OESTE;CONSTRUTORA;CONSTRUTORA;155646,94;1802371,32;11,58;CONSTR CENTRO OESTE|00 - TUBOS PVC KRONA|CONSTRUTORA
00 - TUBOS PVC KRONA;CONSTR CENTRO OESTE;CONSTRUTORA;OUTROS;66,25;990,26;14,95;CONSTR CENTRO OESTE|00 - TUBOS PVC KRONA|OUTROS
00 - TUBOS PVC KRONA;CONSTR NORDESTE;CONSTRUTORA;CONSTRUTORA;360937,81;4717409,34;13,07;CONSTR NORDESTE|00 - TUBOS PVC KRONA|CONSTRUTORA
00 - TUBOS PVC KRONA;CONSTR NORDESTE;CONSTRUTORA;OUTROS;237,93;3835,86;16,12;CONSTR NORDESTE|00 - TUBOS PVC KRONA|OUTROS
00 - TUBOS PVC KRONA;CONSTR NORTE;CONSTRUTORA;CONSTRUTORA;10773,16;154803,38;14,37;CONSTR NORTE|00 - TUBOS PVC KRONA|CONSTRUTORA
00 - TUBOS PVC KRONA;CONSTR SAO PAULO;CONSTRUTORA;CONSTRUTORA;129293,61;1698415,81;13,14;CONSTR SAO PAULO|00 - TUBOS PVC KRONA|CONSTRUTORA
00 - TUBOS PVC KRONA;CONSTR SAO PAULO;CONSTRUTORA;OUTROS;117,09;2065,13;17,64;CONSTR SAO PAULO|00 - TUBOS PVC KRONA|OUTROS
00 - TUBOS PVC KRONA;CONSTR SAO PAULO;CONSTRUTORA;VAREJO;146,36;2079,43;14,21;CONSTR SAO PAULO|00 - TUBOS PVC KRONA|VAREJO
00 - TUBOS PVC KRONA;CONSTR SUDESTE;CONSTRUTORA;CONSTRUTORA;41299,04;498023,03;12,06;CONSTR SUDESTE|00 - TUBOS PVC KRONA|CONSTRUTORA
00 - TUBOS PVC KRONA;CONSTR SUL;CONSTRUTORA;CONSTRUTORA;188219,31;2458194,00;13,06;CONSTR SUL|00 - TUBOS PVC KRONA|CONSTRUTORA
00 - TUBOS PVC KRONA;CONSTR SUL;CONSTRUTORA;OUTROS;60,18;1194,21;19,84;CONSTR SUL|00 - TUBOS PVC KRONA|OUTROS
00 - TUBOS PVC KRONA;CONSTR SUL;CONSTRUTORA;VAREJO;62,55;834,14;13,34;CONSTR SUL|00 - TUBOS PVC KRONA|VAREJO
00 - TUBOS PVC KRONA;EXPORTACAO;EXPORTACAO;EXPORTACAO;11762,52;81917,39;6,96;EXPORTACAO|00 - TUBOS PVC KRONA|EXPORTACAO
00 - TUBOS PVC KRONA;IRRIGACAO 1;IRRIGACAO;IRRIGACAO;8427,15;125579,96;14,90;IRRIGACAO 1|00 - TUBOS PVC KRONA|IRRIGACAO
00 - TUBOS PVC KRONA;IRRIGACAO 2;IRRIGACAO;IRRIGACAO;4317,62;62328,48;14,44;IRRIGACAO 2|00 - TUBOS PVC KRONA|IRRIGACAO
00 - TUBOS PVC KRONA;IRRIGACAO 2;IRRIGACAO;VAREJO;805,92;14037,28;17,42;IRRIGACAO 2|00 - TUBOS PVC KRONA|VAREJO
00 - TUBOS PVC KRONA;MINAS GERAIS;MINAS RJ/ES;ATACADO;393563,97;4508116,57;11,45;MINAS GERAIS|00 - TUBOS PVC KRONA|ATACADO
00 - TUBOS PVC KRONA;MINAS GERAIS;MINAS RJ/ES;OUTROS;256,28;4235,39;16,53;MINAS GERAIS|00 - TUBOS PVC KRONA|OUTROS
00 - TUBOS PVC KRONA;MINAS GERAIS;MINAS RJ/ES;VAREJO;185640,31;2242498,36;12,08;MINAS GERAIS|00 - TUBOS PVC KRONA|VAREJO
00 - TUBOS PVC KRONA;NORDESTE 1;NORDESTE;ATACADO;153741,16;1421115,84;9,24;NORDESTE 1|00 - TUBOS PVC KRONA|ATACADO
00 - TUBOS PVC KRONA;NORDESTE 1;NORDESTE;OUTROS;1704,84;18475,82;10,84;NORDESTE 1|00 - TUBOS PVC KRONA|OUTROS
00 - TUBOS PVC KRONA;NORDESTE 1;NORDESTE;VAREJO;120627,66;1329262,24;11,02;NORDESTE 1|00 - TUBOS PVC KRONA|VAREJO
00 - TUBOS PVC KRONA;NORDESTE 2;NORDESTE;ATACADO;617635,60;6656559,09;10,78;NORDESTE 2|00 - TUBOS PVC KRONA|ATACADO
00 - TUBOS PVC KRONA;NORDESTE 2;NORDESTE;OUTROS;686,36;10169,32;14,82;NORDESTE 2|00 - TUBOS PVC KRONA|OUTROS
00 - TUBOS PVC KRONA;NORDESTE 2;NORDESTE;VAREJO;210215,74;2541359,28;12,09;NORDESTE 2|00 - TUBOS PVC KRONA|VAREJO
00 - TUBOS PVC KRONA;NORDESTE 3;NORDESTE;ATACADO;481566,17;5423847,36;11,26;NORDESTE 3|00 - TUBOS PVC KRONA|ATACADO
00 - TUBOS PVC KRONA;NORDESTE 3;NORDESTE;OUTROS;582,68;9627,06;16,52;NORDESTE 3|00 - TUBOS PVC KRONA|OUTROS
00 - TUBOS PVC KRONA;NORDESTE 3;NORDESTE;VAREJO;341190,48;4265409,70;12,50;NORDESTE 3|00 - TUBOS PVC KRONA|VAREJO
00 - TUBOS PVC KRONA;NORTE;CO NO;ATACADO;201699,86;2263883,97;11,22;NORTE|00 - TUBOS PVC KRONA|ATACADO
00 - TUBOS PVC KRONA;NORTE;CO NO;VAREJO;167566,30;2101543,51;12,54;NORTE|00 - TUBOS PVC KRONA|VAREJO
00 - TUBOS PVC KRONA;PARANA;SUL;ATACADO;28510,33;330781,27;11,60;PARANA|00 - TUBOS PVC KRONA|ATACADO
00 - TUBOS PVC KRONA;PARANA;SUL;IRRIGACAO;26,57;527,25;19,84;PARANA|00 - TUBOS PVC KRONA|IRRIGACAO
00 - TUBOS PVC KRONA;PARANA;SUL;OUTROS;768,60;12369,75;16,09;PARANA|00 - TUBOS PVC KRONA|OUTROS
00 - TUBOS PVC KRONA;PARANA;SUL;VAREJO;145973,18;1832472,27;12,55;PARANA|00 - TUBOS PVC KRONA|VAREJO
00 - TUBOS PVC KRONA;RIO GRANDE DO SUL;SUL;ATACADO;138838,61;1560679,67;11,24;RIO GRANDE DO SUL|00 - TUBOS PVC KRONA|ATACADO
00 - TUBOS PVC KRONA;RIO GRANDE DO SUL;SUL;OUTROS;3547,66;60087,54;16,94;RIO GRANDE DO SUL|00 - TUBOS PVC KRONA|OUTROS
00 - TUBOS PVC KRONA;RIO GRANDE DO SUL;SUL;VAREJO;132271,85;1795607,27;13,58;RIO GRANDE DO SUL|00 - TUBOS PVC KRONA|VAREJO
00 - TUBOS PVC KRONA;RJ/ES;MINAS RJ/ES;ATACADO;205353,77;2206040,91;10,74;RJ/ES|00 - TUBOS PVC KRONA|ATACADO
00 - TUBOS PVC KRONA;RJ/ES;MINAS RJ/ES;OUTROS;3578,98;42790,76;11,96;RJ/ES|00 - TUBOS PVC KRONA|OUTROS
00 - TUBOS PVC KRONA;RJ/ES;MINAS RJ/ES;VAREJO;91653,49;1016308,58;11,09;RJ/ES|00 - TUBOS PVC KRONA|VAREJO
00 - TUBOS PVC KRONA;SANTA CATARINA 01;SUL;ATACADO;40192,03;477186,11;11,87;SANTA CATARINA 01|00 - TUBOS PVC KRONA|ATACADO
00 - TUBOS PVC KRONA;SANTA CATARINA 01;SUL;OUTROS;882,78;13819,55;15,65;SANTA CATARINA 01|00 - TUBOS PVC KRONA|OUTROS
00 - TUBOS PVC KRONA;SANTA CATARINA 01;SUL;VAREJO;111692,01;1427811,23;12,78;SANTA CATARINA 01|00 - TUBOS PVC KRONA|VAREJO
00 - TUBOS PVC KRONA;SANTA CATARINA 02;SUL;ATACADO;64465,66;763366,61;11,84;SANTA CATARINA 02|00 - TUBOS PVC KRONA|ATACADO
00 - TUBOS PVC KRONA;SANTA CATARINA 02;SUL;OUTROS;4507,38;66632,24;14,78;SANTA CATARINA 02|00 - TUBOS PVC KRONA|OUTROS
00 - TUBOS PVC KRONA;SANTA CATARINA 02;SUL;VAREJO;152538,28;1951155,66;12,79;SANTA CATARINA 02|00 - TUBOS PVC KRONA|VAREJO
00 - TUBOS PVC KRONA;SAO PAULO CAPITAL;SP;ATACADO;11131,93;134067,11;12,04;SAO PAULO CAPITAL|00 - TUBOS PVC KRONA|ATACADO
00 - TUBOS PVC KRONA;SAO PAULO CAPITAL;SP;OUTROS;429,49;6905,02;16,08;SAO PAULO CAPITAL|00 - TUBOS PVC KRONA|OUTROS
00 - TUBOS PVC KRONA;SAO PAULO CAPITAL;SP;VAREJO;149681,85;1917550,38;12,81;SAO PAULO CAPITAL|00 - TUBOS PVC KRONA|VAREJO
00 - TUBOS PVC KRONA;SAO PAULO CAPITAL 2;SP;ATACADO;263610,98;2897372,54;10,99;SAO PAULO CAPITAL 2|00 - TUBOS PVC KRONA|ATACADO
00 - TUBOS PVC KRONA;SAO PAULO INTERIOR;SP;ATACADO;124499,62;1315311,41;10,56;SAO PAULO INTERIOR|00 - TUBOS PVC KRONA|ATACADO
00 - TUBOS PVC KRONA;SAO PAULO INTERIOR;SP;OUTROS;1586,89;26770,79;16,87;SAO PAULO INTERIOR|00 - TUBOS PVC KRONA|OUTROS
00 - TUBOS PVC KRONA;SAO PAULO INTERIOR;SP;VAREJO;138650,22;1714131,79;12,36;SAO PAULO INTERIOR|00 - TUBOS PVC KRONA|VAREJO
00 - TUBOS PVC KRONA;TELEVENDAS;TELEVENDAS;ATACADO;185,68;2707,53;14,58;TELEVENDAS|00 - TUBOS PVC KRONA|ATACADO
00 - TUBOS PVC KRONA;TELEVENDAS;TELEVENDAS;IRRIGACAO;302,12;4241,68;14,04;TELEVENDAS|00 - TUBOS PVC KRONA|IRRIGACAO
00 - TUBOS PVC KRONA;TELEVENDAS;TELEVENDAS;OUTROS;2382,67;36798,75;15,44;TELEVENDAS|00 - TUBOS PVC KRONA|OUTROS
00 - TUBOS PVC KRONA;TELEVENDAS;TELEVENDAS;VAREJO;79641,89;1043697,66;13,10;TELEVENDAS|00 - TUBOS PVC KRONA|VAREJO
01 - TUBOS ELETRODUTOS KRONA;CENTRO OESTE;CO NO;ATACADO;7218,03;75349,06;10,44;CENTRO OESTE|01 - TUBOS ELETRODUTOS KRONA|ATACADO
01 - TUBOS ELETRODUTOS KRONA;CENTRO OESTE;CO NO;VAREJO;941,52;10757,07;11,43;CENTRO OESTE|01 - TUBOS ELETRODUTOS KRONA|VAREJO
01 - TUBOS ELETRODUTOS KRONA;CONSTR CENTRO OESTE;CONSTRUTORA;CONSTRUTORA;774,07;8937,79;11,55;CONSTR CENTRO OESTE|01 - TUBOS ELETRODUTOS KRONA|CONSTRUTORA
01 - TUBOS ELETRODUTOS KRONA;CONSTR NORDESTE;CONSTRUTORA;CONSTRUTORA;35545,84;419573,75;11,80;CONSTR NORDESTE|01 - TUBOS ELETRODUTOS KRONA|CONSTRUTORA
01 - TUBOS ELETRODUTOS KRONA;CONSTR NORTE;CONSTRUTORA;CONSTRUTORA;814,20;9915,41;12,18;CONSTR NORTE|01 - TUBOS ELETRODUTOS KRONA|CONSTRUTORA
01 - TUBOS ELETRODUTOS KRONA;CONSTR SAO PAULO;CONSTRUTORA;CONSTRUTORA;1731,06;20749,88;11,99;CONSTR SAO PAULO|01 - TUBOS ELETRODUTOS KRONA|CONSTRUTORA
01 - TUBOS ELETRODUTOS KRONA;CONSTR SUDESTE;CONSTRUTORA;CONSTRUTORA;2282,62;26460,27;11,59;CONSTR SUDESTE|01 - TUBOS ELETRODUTOS KRONA|CONSTRUTORA
01 - TUBOS ELETRODUTOS KRONA;CONSTR SUL;CONSTRUTORA;CONSTRUTORA;3880,33;46354,59;11,95;CONSTR SUL|01 - TUBOS ELETRODUTOS KRONA|CONSTRUTORA
01 - TUBOS ELETRODUTOS KRONA;EXPORTACAO;EXPORTACAO;EXPORTACAO;411,37;3318,01;8,07;EXPORTACAO|01 - TUBOS ELETRODUTOS KRONA|EXPORTACAO
01 - TUBOS ELETRODUTOS KRONA;IRRIGACAO 1;IRRIGACAO;IRRIGACAO;45,91;685,51;14,93;IRRIGACAO 1|01 - TUBOS ELETRODUTOS KRONA|IRRIGACAO
01 - TUBOS ELETRODUTOS KRONA;IRRIGACAO 2;IRRIGACAO;IRRIGACAO;179,21;2263,93;12,63;IRRIGACAO 2|01 - TUBOS ELETRODUTOS KRONA|IRRIGACAO
01 - TUBOS ELETRODUTOS KRONA;MINAS GERAIS;MINAS RJ/ES;ATACADO;9315,70;101054,65;10,85;MINAS GERAIS|01 - TUBOS ELETRODUTOS KRONA|ATACADO
01 - TUBOS ELETRODUTOS KRONA;MINAS GERAIS;MINAS RJ/ES;VAREJO;2664,08;31333,87;11,76;MINAS GERAIS|01 - TUBOS ELETRODUTOS KRONA|VAREJO
01 - TUBOS ELETRODUTOS KRONA;NORDESTE 1;NORDESTE;ATACADO;6469,21;67881,98;10,49;NORDESTE 1|01 - TUBOS ELETRODUTOS KRONA|ATACADO
01 - TUBOS ELETRODUTOS KRONA;NORDESTE 1;NORDESTE;OUTROS;166,20;1653,30;9,95;NORDESTE 1|01 - TUBOS ELETRODUTOS KRONA|OUTROS
01 - TUBOS ELETRODUTOS KRONA;NORDESTE 1;NORDESTE;VAREJO;8881,75;101320,48;11,41;NORDESTE 1|01 - TUBOS ELETRODUTOS KRONA|VAREJO
01 - TUBOS ELETRODUTOS KRONA;NORDESTE 2;NORDESTE;ATACADO;15881,07;158382,11;9,97;NORDESTE 2|01 - TUBOS ELETRODUTOS KRONA|ATACADO
01 - TUBOS ELETRODUTOS KRONA;NORDESTE 2;NORDESTE;OUTROS;125,00;1300,30;10,40;NORDESTE 2|01 - TUBOS ELETRODUTOS KRONA|OUTROS
01 - TUBOS ELETRODUTOS KRONA;NORDESTE 2;NORDESTE;VAREJO;23061,85;256331,89;11,11;NORDESTE 2|01 - TUBOS ELETRODUTOS KRONA|VAREJO
01 - TUBOS ELETRODUTOS KRONA;NORDESTE 3;NORDESTE;ATACADO;15576,72;162838,48;10,45;NORDESTE 3|01 - TUBOS ELETRODUTOS KRONA|ATACADO
01 - TUBOS ELETRODUTOS KRONA;NORDESTE 3;NORDESTE;OUTROS;160,00;2112,00;13,20;NORDESTE 3|01 - TUBOS ELETRODUTOS KRONA|OUTROS
01 - TUBOS ELETRODUTOS KRONA;NORDESTE 3;NORDESTE;VAREJO;18705,00;219284,55;11,72;NORDESTE 3|01 - TUBOS ELETRODUTOS KRONA|VAREJO
01 - TUBOS ELETRODUTOS KRONA;NORTE;CO NO;ATACADO;4429,46;51931,32;11,72;NORTE|01 - TUBOS ELETRODUTOS KRONA|ATACADO
01 - TUBOS ELETRODUTOS KRONA;NORTE;CO NO;VAREJO;5907,24;76287,65;12,91;NORTE|01 - TUBOS ELETRODUTOS KRONA|VAREJO
01 - TUBOS ELETRODUTOS KRONA;PARANA;SUL;ATACADO;61,56;796,55;12,94;PARANA|01 - TUBOS ELETRODUTOS KRONA|ATACADO
01 - TUBOS ELETRODUTOS KRONA;PARANA;SUL;OUTROS;243,30;3137,32;12,89;PARANA|01 - TUBOS ELETRODUTOS KRONA|OUTROS
01 - TUBOS ELETRODUTOS KRONA;PARANA;SUL;VAREJO;435,28;5209,68;11,97;PARANA|01 - TUBOS ELETRODUTOS KRONA|VAREJO
01 - TUBOS ELETRODUTOS KRONA;RIO GRANDE DO SUL;SUL;ATACADO;423,59;4017,02;9,48;RIO GRANDE DO SUL|01 - TUBOS ELETRODUTOS KRONA|ATACADO
01 - TUBOS ELETRODUTOS KRONA;RIO GRANDE DO SUL;SUL;OUTROS;267,00;3889,06;14,57;RIO GRANDE DO SUL|01 - TUBOS ELETRODUTOS KRONA|OUTROS
01 - TUBOS ELETRODUTOS KRONA;RIO GRANDE DO SUL;SUL;VAREJO;2023,35;23497,85;11,61;RIO GRANDE DO SUL|01 - TUBOS ELETRODUTOS KRONA|VAREJO
01 - TUBOS ELETRODUTOS KRONA;RJ/ES;MINAS RJ/ES;ATACADO;845,81;9229,69;10,91;RJ/ES|01 - TUBOS ELETRODUTOS KRONA|ATACADO
01 - TUBOS ELETRODUTOS KRONA;RJ/ES;MINAS RJ/ES;OUTROS;68,33;769,00;11,25;RJ/ES|01 - TUBOS ELETRODUTOS KRONA|OUTROS
01 - TUBOS ELETRODUTOS KRONA;RJ/ES;MINAS RJ/ES;VAREJO;1867,14;19931,23;10,67;RJ/ES|01 - TUBOS ELETRODUTOS KRONA|VAREJO
01 - TUBOS ELETRODUTOS KRONA;SANTA CATARINA 01;SUL;ATACADO;72,00;658,39;9,14;SANTA CATARINA 01|01 - TUBOS ELETRODUTOS KRONA|ATACADO
01 - TUBOS ELETRODUTOS KRONA;SANTA CATARINA 01;SUL;OUTROS;9,15;124,17;13,57;SANTA CATARINA 01|01 - TUBOS ELETRODUTOS KRONA|OUTROS
01 - TUBOS ELETRODUTOS KRONA;SANTA CATARINA 01;SUL;VAREJO;407,89;4945,01;12,12;SANTA CATARINA 01|01 - TUBOS ELETRODUTOS KRONA|VAREJO
01 - TUBOS ELETRODUTOS KRONA;SANTA CATARINA 02;SUL;ATACADO;460,97;5458,45;11,84;SANTA CATARINA 02|01 - TUBOS ELETRODUTOS KRONA|ATACADO
01 - TUBOS ELETRODUTOS KRONA;SANTA CATARINA 02;SUL;VAREJO;277,61;3577,28;12,89;SANTA CATARINA 02|01 - TUBOS ELETRODUTOS KRONA|VAREJO
01 - TUBOS ELETRODUTOS KRONA;SAO PAULO CAPITAL;SP;ATACADO;33,43;357,19;10,68;SAO PAULO CAPITAL|01 - TUBOS ELETRODUTOS KRONA|ATACADO
01 - TUBOS ELETRODUTOS KRONA;SAO PAULO CAPITAL;SP;OUTROS;614,64;7420,56;12,07;SAO PAULO CAPITAL|01 - TUBOS ELETRODUTOS KRONA|OUTROS
01 - TUBOS ELETRODUTOS KRONA;SAO PAULO CAPITAL;SP;VAREJO;628,67;7582,49;12,06;SAO PAULO CAPITAL|01 - TUBOS ELETRODUTOS KRONA|VAREJO
01 - TUBOS ELETRODUTOS KRONA;SAO PAULO CAPITAL 2;SP;ATACADO;157,42;1563,01;9,93;SAO PAULO CAPITAL 2|01 - TUBOS ELETRODUTOS KRONA|ATACADO
01 - TUBOS ELETRODUTOS KRONA;SAO PAULO INTERIOR;SP;VAREJO;274,90;3362,56;12,23;SAO PAULO INTERIOR|01 - TUBOS ELETRODUTOS KRONA|VAREJO
01 - TUBOS ELETRODUTOS KRONA;TELEVENDAS;TELEVENDAS;ATACADO;70,22;926,68;13,20;TELEVENDAS|01 - TUBOS ELETRODUTOS KRONA|ATACADO
01 - TUBOS ELETRODUTOS KRONA;TELEVENDAS;TELEVENDAS;IRRIGACAO;16,55;249,55;15,08;TELEVENDAS|01 - TUBOS ELETRODUTOS KRONA|IRRIGACAO
01 - TUBOS ELETRODUTOS KRONA;TELEVENDAS;TELEVENDAS;OUTROS;121,21;1366,46;11,27;TELEVENDAS|01 - TUBOS ELETRODUTOS KRONA|OUTROS
01 - TUBOS ELETRODUTOS KRONA;TELEVENDAS;TELEVENDAS;VAREJO;2005,47;24375,02;12,15;TELEVENDAS|01 - TUBOS ELETRODUTOS KRONA|VAREJO
02 - CONEXOES KRONA;CENTRO OESTE;CO NO;ATACADO;109521,54;4356415,50;39,78;CENTRO OESTE|02 - CONEXOES KRONA|ATACADO
02 - CONEXOES KRONA;CENTRO OESTE;CO NO;OUTROS;221,95;14453,95;65,12;CENTRO OESTE|02 - CONEXOES KRONA|OUTROS
02 - CONEXOES KRONA;CENTRO OESTE;CO NO;VAREJO;51832,93;2286976,99;44,12;CENTRO OESTE|02 - CONEXOES KRONA|VAREJO
02 - CONEXOES KRONA;CONSTR CENTRO OESTE;CONSTRUTORA;CONSTRUTORA;29735,64;1291499,80;43,43;CONSTR CENTRO OESTE|02 - CONEXOES KRONA|CONSTRUTORA
02 - CONEXOES KRONA;CONSTR CENTRO OESTE;CONSTRUTORA;OUTROS;169,60;14209,55;83,78;CONSTR CENTRO OESTE|02 - CONEXOES KRONA|OUTROS
02 - CONEXOES KRONA;CONSTR CENTRO OESTE;CONSTRUTORA;VAREJO;46,93;1841,52;39,24;CONSTR CENTRO OESTE|02 - CONEXOES KRONA|VAREJO
02 - CONEXOES KRONA;CONSTR NORDESTE;CONSTRUTORA;CONSTRUTORA;70139,62;3446043,82;49,13;CONSTR NORDESTE|02 - CONEXOES KRONA|CONSTRUTORA
02 - CONEXOES KRONA;CONSTR NORDESTE;CONSTRUTORA;OUTROS;34,01;2184,00;64,22;CONSTR NORDESTE|02 - CONEXOES KRONA|OUTROS
02 - CONEXOES KRONA;CONSTR NORTE;CONSTRUTORA;CONSTRUTORA;2336,78;124182,90;53,14;CONSTR NORTE|02 - CONEXOES KRONA|CONSTRUTORA
02 - CONEXOES KRONA;CONSTR SAO PAULO;CONSTRUTORA;CONSTRUTORA;26557,30;1277386,97;48,10;CONSTR SAO PAULO|02 - CONEXOES KRONA|CONSTRUTORA
02 - CONEXOES KRONA;CONSTR SAO PAULO;CONSTRUTORA;OUTROS;48,64;4332,69;89,07;CONSTR SAO PAULO|02 - CONEXOES KRONA|OUTROS
02 - CONEXOES KRONA;CONSTR SAO PAULO;CONSTRUTORA;VAREJO;42,33;1823,77;43,08;CONSTR SAO PAULO|02 - CONEXOES KRONA|VAREJO
02 - CONEXOES KRONA;CONSTR SUDESTE;CONSTRUTORA;CONSTRUTORA;10524,55;457793,24;43,50;CONSTR SUDESTE|02 - CONEXOES KRONA|CONSTRUTORA
02 - CONEXOES KRONA;CONSTR SUL;CONSTRUTORA;CONSTRUTORA;44119,86;1973898,20;44,74;CONSTR SUL|02 - CONEXOES KRONA|CONSTRUTORA
02 - CONEXOES KRONA;CONSTR SUL;CONSTRUTORA;OUTROS;54,19;3285,43;60,63;CONSTR SUL|02 - CONEXOES KRONA|OUTROS
02 - CONEXOES KRONA;CONSTR SUL;CONSTRUTORA;VAREJO;12,91;1185,29;91,81;CONSTR SUL|02 - CONEXOES KRONA|VAREJO
02 - CONEXOES KRONA;EXPORTACAO;EXPORTACAO;EXPORTACAO;36386,92;859996,23;23,63;EXPORTACAO|02 - CONEXOES KRONA|EXPORTACAO
02 - CONEXOES KRONA;EXPORTACAO;EXPORTACAO;VAREJO;20910,59;522435,01;24,98;EXPORTACAO|02 - CONEXOES KRONA|VAREJO
02 - CONEXOES KRONA;IRRIGACAO 1;IRRIGACAO;IRRIGACAO;4451,37;355520,38;79,87;IRRIGACAO 1|02 - CONEXOES KRONA|IRRIGACAO
02 - CONEXOES KRONA;IRRIGACAO 1;IRRIGACAO;VAREJO;143,78;10287,66;71,55;IRRIGACAO 1|02 - CONEXOES KRONA|VAREJO
02 - CONEXOES KRONA;IRRIGACAO 2;IRRIGACAO;IRRIGACAO;2937,05;261305,24;88,97;IRRIGACAO 2|02 - CONEXOES KRONA|IRRIGACAO
02 - CONEXOES KRONA;IRRIGACAO 2;IRRIGACAO;VAREJO;135,63;12152,02;89,60;IRRIGACAO 2|02 - CONEXOES KRONA|VAREJO
02 - CONEXOES KRONA;MINAS GERAIS;MINAS RJ/ES;ATACADO;200259,27;7862244,61;39,26;MINAS GERAIS|02 - CONEXOES KRONA|ATACADO
02 - CONEXOES KRONA;MINAS GERAIS;MINAS RJ/ES;OUTROS;500,18;40751,96;81,47;MINAS GERAIS|02 - CONEXOES KRONA|OUTROS
02 - CONEXOES KRONA;MINAS GERAIS;MINAS RJ/ES;VAREJO;50878,63;2214161,26;43,52;MINAS GERAIS|02 - CONEXOES KRONA|VAREJO
02 - CONEXOES KRONA;NORDESTE 1;NORDESTE;ATACADO;30754,37;1306090,23;42,47;NORDESTE 1|02 - CONEXOES KRONA|ATACADO
02 - CONEXOES KRONA;NORDESTE 1;NORDESTE;OUTROS;328,04;14989,75;45,70;NORDESTE 1|02 - CONEXOES KRONA|OUTROS
02 - CONEXOES KRONA;NORDESTE 1;NORDESTE;VAREJO;29525,90;1497608,25;50,72;NORDESTE 1|02 - CONEXOES KRONA|VAREJO
02 - CONEXOES KRONA;NORDESTE 2;NORDESTE;ATACADO;117039,53;4631804,26;39,57;NORDESTE 2|02 - CONEXOES KRONA|ATACADO
02 - CONEXOES KRONA;NORDESTE 2;NORDESTE;OUTROS;153,39;14662,17;95,59;NORDESTE 2|02 - CONEXOES KRONA|OUTROS
02 - CONEXOES KRONA;NORDESTE 2;NORDESTE;VAREJO;53047,75;2548383,29;48,04;NORDESTE 2|02 - CONEXOES KRONA|VAREJO
02 - CONEXOES KRONA;NORDESTE 3;NORDESTE;ATACADO;88404,41;3555269,67;40,22;NORDESTE 3|02 - CONEXOES KRONA|ATACADO
02 - CONEXOES KRONA;NORDESTE 3;NORDESTE;OUTROS;91,34;6998,67;76,63;NORDESTE 3|02 - CONEXOES KRONA|OUTROS
02 - CONEXOES KRONA;NORDESTE 3;NORDESTE;VAREJO;66217,49;3165251,20;47,80;NORDESTE 3|02 - CONEXOES KRONA|VAREJO
02 - CONEXOES KRONA;NORTE;CO NO;ATACADO;43439,66;1880121,97;43,28;NORTE|02 - CONEXOES KRONA|ATACADO
02 - CONEXOES KRONA;NORTE;CO NO;VAREJO;57309,39;2715128,83;47,38;NORTE|02 - CONEXOES KRONA|VAREJO
02 - CONEXOES KRONA;PARANA;SUL;ATACADO;14135,96;583568,48;41,28;PARANA|02 - CONEXOES KRONA|ATACADO
02 - CONEXOES KRONA;PARANA;SUL;IRRIGACAO;45,20;2630,82;58,20;PARANA|02 - CONEXOES KRONA|IRRIGACAO
02 - CONEXOES KRONA;PARANA;SUL;OUTROS;391,14;28286,15;72,32;PARANA|02 - CONEXOES KRONA|OUTROS
02 - CONEXOES KRONA;PARANA;SUL;VAREJO;30039,79;1352158,67;45,01;PARANA|02 - CONEXOES KRONA|VAREJO
02 - CONEXOES KRONA;RIO GRANDE DO SUL;SUL;ATACADO;40438,49;1587097,75;39,25;RIO GRANDE DO SUL|02 - CONEXOES KRONA|ATACADO
02 - CONEXOES KRONA;RIO GRANDE DO SUL;SUL;OUTROS;1662,74;109516,01;65,86;RIO GRANDE DO SUL|02 - CONEXOES KRONA|OUTROS
02 - CONEXOES KRONA;RIO GRANDE DO SUL;SUL;VAREJO;29072,84;1445111,69;49,71;RIO GRANDE DO SUL|02 - CONEXOES KRONA|VAREJO
02 - CONEXOES KRONA;RJ/ES;MINAS RJ/ES;ATACADO;58596,75;2321144,68;39,61;RJ/ES|02 - CONEXOES KRONA|ATACADO
02 - CONEXOES KRONA;RJ/ES;MINAS RJ/ES;OUTROS;810,17;35281,61;43,55;RJ/ES|02 - CONEXOES KRONA|OUTROS
02 - CONEXOES KRONA;RJ/ES;MINAS RJ/ES;VAREJO;21767,86;956481,45;43,94;RJ/ES|02 - CONEXOES KRONA|VAREJO
02 - CONEXOES KRONA;SANTA CATARINA 01;SUL;ATACADO;12171,96;519127,53;42,65;SANTA CATARINA 01|02 - CONEXOES KRONA|ATACADO
02 - CONEXOES KRONA;SANTA CATARINA 01;SUL;OUTROS;368,51;28364,85;76,97;SANTA CATARINA 01|02 - CONEXOES KRONA|OUTROS
02 - CONEXOES KRONA;SANTA CATARINA 01;SUL;VAREJO;24798,49;1151367,95;46,43;SANTA CATARINA 01|02 - CONEXOES KRONA|VAREJO
02 - CONEXOES KRONA;SANTA CATARINA 02;SUL;ATACADO;18178,61;752222,50;41,38;SANTA CATARINA 02|02 - CONEXOES KRONA|ATACADO
02 - CONEXOES KRONA;SANTA CATARINA 02;SUL;OUTROS;528,13;34805,59;65,90;SANTA CATARINA 02|02 - CONEXOES KRONA|OUTROS
02 - CONEXOES KRONA;SANTA CATARINA 02;SUL;VAREJO;33495,85;1539237,67;45,95;SANTA CATARINA 02|02 - CONEXOES KRONA|VAREJO
02 - CONEXOES KRONA;SAO PAULO CAPITAL;SP;ATACADO;4589,18;190887,95;41,60;SAO PAULO CAPITAL|02 - CONEXOES KRONA|ATACADO
02 - CONEXOES KRONA;SAO PAULO CAPITAL;SP;OUTROS;201,82;16752,94;83,01;SAO PAULO CAPITAL|02 - CONEXOES KRONA|OUTROS
02 - CONEXOES KRONA;SAO PAULO CAPITAL;SP;VAREJO;45262,80;2008286,70;44,37;SAO PAULO CAPITAL|02 - CONEXOES KRONA|VAREJO
02 - CONEXOES KRONA;SAO PAULO CAPITAL 2;SP;ATACADO;82733,76;3218348,88;38,90;SAO PAULO CAPITAL 2|02 - CONEXOES KRONA|ATACADO
02 - CONEXOES KRONA;SAO PAULO INTERIOR;SP;ATACADO;26754,00;1023086,63;38,24;SAO PAULO INTERIOR|02 - CONEXOES KRONA|ATACADO
02 - CONEXOES KRONA;SAO PAULO INTERIOR;SP;OUTROS;1544,48;105093,04;68,04;SAO PAULO INTERIOR|02 - CONEXOES KRONA|OUTROS
02 - CONEXOES KRONA;SAO PAULO INTERIOR;SP;VAREJO;31334,92;1442799,33;46,04;SAO PAULO INTERIOR|02 - CONEXOES KRONA|VAREJO
02 - CONEXOES KRONA;TELEVENDAS;TELEVENDAS;ATACADO;338,94;12225,55;36,07;TELEVENDAS|02 - CONEXOES KRONA|ATACADO
02 - CONEXOES KRONA;TELEVENDAS;TELEVENDAS;IRRIGACAO;186,27;14385,16;77,23;TELEVENDAS|02 - CONEXOES KRONA|IRRIGACAO
02 - CONEXOES KRONA;TELEVENDAS;TELEVENDAS;OUTROS;1465,66;108524,37;74,04;TELEVENDAS|02 - CONEXOES KRONA|OUTROS
02 - CONEXOES KRONA;TELEVENDAS;TELEVENDAS;VAREJO;24252,05;1235617,29;50,95;TELEVENDAS|02 - CONEXOES KRONA|VAREJO
03 - ACESSORIOS KRONA;CENTRO OESTE;CO NO;ATACADO;29022,92;805005,33;27,74;CENTRO OESTE|03 - ACESSORIOS KRONA|ATACADO
03 - ACESSORIOS KRONA;CENTRO OESTE;CO NO;OUTROS;87,31;3611,55;41,36;CENTRO OESTE|03 - ACESSORIOS KRONA|OUTROS
03 - ACESSORIOS KRONA;CENTRO OESTE;CO NO;VAREJO;5528,24;163166,66;29,52;CENTRO OESTE|03 - ACESSORIOS KRONA|VAREJO
03 - ACESSORIOS KRONA;CONSTR CENTRO OESTE;CONSTRUTORA;CONSTRUTORA;497,32;15060,81;30,28;CONSTR CENTRO OESTE|03 - ACESSORIOS KRONA|CONSTRUTORA
03 - ACESSORIOS KRONA;CONSTR NORDESTE;CONSTRUTORA;CONSTRUTORA;3613,32;133677,24;37,00;CONSTR NORDESTE|03 - ACESSORIOS KRONA|CONSTRUTORA
03 - ACESSORIOS KRONA;CONSTR NORDESTE;CONSTRUTORA;OUTROS;2,92;100,28;34,32;CONSTR NORDESTE|03 - ACESSORIOS KRONA|OUTROS
03 - ACESSORIOS KRONA;CONSTR NORTE;CONSTRUTORA;CONSTRUTORA;110,80;4609,59;41,60;CONSTR NORTE|03 - ACESSORIOS KRONA|CONSTRUTORA
03 - ACESSORIOS KRONA;CONSTR SAO PAULO;CONSTRUTORA;CONSTRUTORA;508,05;18277,78;35,98;CONSTR SAO PAULO|03 - ACESSORIOS KRONA|CONSTRUTORA
03 - ACESSORIOS KRONA;CONSTR SAO PAULO;CONSTRUTORA;VAREJO;3,32;137,00;41,21;CONSTR SAO PAULO|03 - ACESSORIOS KRONA|VAREJO
03 - ACESSORIOS KRONA;CONSTR SUDESTE;CONSTRUTORA;CONSTRUTORA;386,17;10687,18;27,67;CONSTR SUDESTE|03 - ACESSORIOS KRONA|CONSTRUTORA
03 - ACESSORIOS KRONA;CONSTR SUL;CONSTRUTORA;CONSTRUTORA;866,57;29597,04;34,15;CONSTR SUL|03 - ACESSORIOS KRONA|CONSTRUTORA
03 - ACESSORIOS KRONA;CONSTR SUL;CONSTRUTORA;OUTROS;1,35;65,36;48,34;CONSTR SUL|03 - ACESSORIOS KRONA|OUTROS
03 - ACESSORIOS KRONA;CONSTR SUL;CONSTRUTORA;VAREJO;9,57;283,46;29,63;CONSTR SUL|03 - ACESSORIOS KRONA|VAREJO
03 - ACESSORIOS KRONA;EXPORTACAO;EXPORTACAO;EXPORTACAO;9802,77;197022,98;20,10;EXPORTACAO|03 - ACESSORIOS KRONA|EXPORTACAO
03 - ACESSORIOS KRONA;EXPORTACAO;EXPORTACAO;VAREJO;2531,90;58708,27;23,19;EXPORTACAO|03 - ACESSORIOS KRONA|VAREJO
03 - ACESSORIOS KRONA;IRRIGACAO 1;IRRIGACAO;IRRIGACAO;85,33;4042,85;47,38;IRRIGACAO 1|03 - ACESSORIOS KRONA|IRRIGACAO
03 - ACESSORIOS KRONA;IRRIGACAO 2;IRRIGACAO;IRRIGACAO;51,72;3451,67;66,74;IRRIGACAO 2|03 - ACESSORIOS KRONA|IRRIGACAO
03 - ACESSORIOS KRONA;MINAS GERAIS;MINAS RJ/ES;ATACADO;49610,36;1634660,26;32,95;MINAS GERAIS|03 - ACESSORIOS KRONA|ATACADO
03 - ACESSORIOS KRONA;MINAS GERAIS;MINAS RJ/ES;OUTROS;174,90;5266,85;30,11;MINAS GERAIS|03 - ACESSORIOS KRONA|OUTROS
03 - ACESSORIOS KRONA;MINAS GERAIS;MINAS RJ/ES;VAREJO;3786,92;134959,96;35,64;MINAS GERAIS|03 - ACESSORIOS KRONA|VAREJO
03 - ACESSORIOS KRONA;NORDESTE 1;NORDESTE;ATACADO;5407,89;191329,95;35,38;NORDESTE 1|03 - ACESSORIOS KRONA|ATACADO
03 - ACESSORIOS KRONA;NORDESTE 1;NORDESTE;OUTROS;151,85;8662,58;57,05;NORDESTE 1|03 - ACESSORIOS KRONA|OUTROS
03 - ACESSORIOS KRONA;NORDESTE 1;NORDESTE;VAREJO;5267,12;199309,31;37,84;NORDESTE 1|03 - ACESSORIOS KRONA|VAREJO
03 - ACESSORIOS KRONA;NORDESTE 2;NORDESTE;ATACADO;17212,43;531065,11;30,85;NORDESTE 2|03 - ACESSORIOS KRONA|ATACADO
03 - ACESSORIOS KRONA;NORDESTE 2;NORDESTE;VAREJO;9407,15;347567,01;36,95;NORDESTE 2|03 - ACESSORIOS KRONA|VAREJO
03 - ACESSORIOS KRONA;NORDESTE 3;NORDESTE;ATACADO;14951,39;469622,66;31,41;NORDESTE 3|03 - ACESSORIOS KRONA|ATACADO
03 - ACESSORIOS KRONA;NORDESTE 3;NORDESTE;OUTROS;36,52;2513,47;68,83;NORDESTE 3|03 - ACESSORIOS KRONA|OUTROS
03 - ACESSORIOS KRONA;NORDESTE 3;NORDESTE;VAREJO;10155,80;367418,96;36,18;NORDESTE 3|03 - ACESSORIOS KRONA|VAREJO
03 - ACESSORIOS KRONA;NORTE;CO NO;ATACADO;5759,93;183824,41;31,91;NORTE|03 - ACESSORIOS KRONA|ATACADO
03 - ACESSORIOS KRONA;NORTE;CO NO;VAREJO;8838,16;265309,89;30,02;NORTE|03 - ACESSORIOS KRONA|VAREJO
03 - ACESSORIOS KRONA;PARANA;SUL;ATACADO;4378,74;133623,96;30,52;PARANA|03 - ACESSORIOS KRONA|ATACADO
03 - ACESSORIOS KRONA;PARANA;SUL;IRRIGACAO;1,19;63,86;53,59;PARANA|03 - ACESSORIOS KRONA|IRRIGACAO
03 - ACESSORIOS KRONA;PARANA;SUL;OUTROS;74,44;4800,25;64,48;PARANA|03 - ACESSORIOS KRONA|OUTROS
03 - ACESSORIOS KRONA;PARANA;SUL;VAREJO;3167,24;111655,90;35,25;PARANA|03 - ACESSORIOS KRONA|VAREJO
03 - ACESSORIOS KRONA;RIO GRANDE DO SUL;SUL;ATACADO;6669,21;175112,76;26,26;RIO GRANDE DO SUL|03 - ACESSORIOS KRONA|ATACADO
03 - ACESSORIOS KRONA;RIO GRANDE DO SUL;SUL;OUTROS;161,62;12261,64;75,87;RIO GRANDE DO SUL|03 - ACESSORIOS KRONA|OUTROS
03 - ACESSORIOS KRONA;RIO GRANDE DO SUL;SUL;VAREJO;2457,27;84645,80;34,45;RIO GRANDE DO SUL|03 - ACESSORIOS KRONA|VAREJO
03 - ACESSORIOS KRONA;RJ/ES;MINAS RJ/ES;ATACADO;15557,33;406250,24;26,11;RJ/ES|03 - ACESSORIOS KRONA|ATACADO
03 - ACESSORIOS KRONA;RJ/ES;MINAS RJ/ES;OUTROS;23,09;749,29;32,46;RJ/ES|03 - ACESSORIOS KRONA|OUTROS
03 - ACESSORIOS KRONA;RJ/ES;MINAS RJ/ES;VAREJO;2536,46;72847,93;28,72;RJ/ES|03 - ACESSORIOS KRONA|VAREJO
03 - ACESSORIOS KRONA;SANTA CATARINA 01;SUL;ATACADO;1640,07;50709,83;30,92;SANTA CATARINA 01|03 - ACESSORIOS KRONA|ATACADO
03 - ACESSORIOS KRONA;SANTA CATARINA 01;SUL;OUTROS;65,31;3885,76;59,50;SANTA CATARINA 01|03 - ACESSORIOS KRONA|OUTROS
03 - ACESSORIOS KRONA;SANTA CATARINA 01;SUL;VAREJO;1726,94;58188,89;33,69;SANTA CATARINA 01|03 - ACESSORIOS KRONA|VAREJO
03 - ACESSORIOS KRONA;SANTA CATARINA 02;SUL;ATACADO;700,02;23915,64;34,16;SANTA CATARINA 02|03 - ACESSORIOS KRONA|ATACADO
03 - ACESSORIOS KRONA;SANTA CATARINA 02;SUL;OUTROS;42,90;1944,65;45,33;SANTA CATARINA 02|03 - ACESSORIOS KRONA|OUTROS
03 - ACESSORIOS KRONA;SANTA CATARINA 02;SUL;VAREJO;2405,66;89464,43;37,19;SANTA CATARINA 02|03 - ACESSORIOS KRONA|VAREJO
03 - ACESSORIOS KRONA;SAO PAULO CAPITAL;SP;ATACADO;872,96;22425,09;25,69;SAO PAULO CAPITAL|03 - ACESSORIOS KRONA|ATACADO
03 - ACESSORIOS KRONA;SAO PAULO CAPITAL;SP;OUTROS;1702,16;46925,58;27,57;SAO PAULO CAPITAL|03 - ACESSORIOS KRONA|OUTROS
03 - ACESSORIOS KRONA;SAO PAULO CAPITAL;SP;VAREJO;7504,60;237438,19;31,64;SAO PAULO CAPITAL|03 - ACESSORIOS KRONA|VAREJO
03 - ACESSORIOS KRONA;SAO PAULO CAPITAL 2;SP;ATACADO;11443,45;320223,14;27,98;SAO PAULO CAPITAL 2|03 - ACESSORIOS KRONA|ATACADO
03 - ACESSORIOS KRONA;SAO PAULO INTERIOR;SP;ATACADO;3921,58;123635,99;31,53;SAO PAULO INTERIOR|03 - ACESSORIOS KRONA|ATACADO
03 - ACESSORIOS KRONA;SAO PAULO INTERIOR;SP;OUTROS;39,11;1578,27;40,35;SAO PAULO INTERIOR|03 - ACESSORIOS KRONA|OUTROS
03 - ACESSORIOS KRONA;SAO PAULO INTERIOR;SP;VAREJO;1801,52;63051,79;35,00;SAO PAULO INTERIOR|03 - ACESSORIOS KRONA|VAREJO
03 - ACESSORIOS KRONA;TELEVENDAS;TELEVENDAS;ATACADO;135,69;4468,80;32,93;TELEVENDAS|03 - ACESSORIOS KRONA|ATACADO
03 - ACESSORIOS KRONA;TELEVENDAS;TELEVENDAS;IRRIGACAO;14,27;842,56;59,04;TELEVENDAS|03 - ACESSORIOS KRONA|IRRIGACAO
03 - ACESSORIOS KRONA;TELEVENDAS;TELEVENDAS;OUTROS;96,98;6022,80;62,10;TELEVENDAS|03 - ACESSORIOS KRONA|OUTROS
03 - ACESSORIOS KRONA;TELEVENDAS;TELEVENDAS;VAREJO;3372,14;118533,36;35,15;TELEVENDAS|03 - ACESSORIOS KRONA|VAREJO
04 - PRODUTOS REVENDA;CENTRO OESTE;CO NO;ATACADO;7549,48;461513,00;61,13;CENTRO OESTE|04 - PRODUTOS REVENDA|ATACADO
04 - PRODUTOS REVENDA;CENTRO OESTE;CO NO;OUTROS;10,69;773,80;72,41;CENTRO OESTE|04 - PRODUTOS REVENDA|OUTROS
04 - PRODUTOS REVENDA;CENTRO OESTE;CO NO;VAREJO;3597,07;223854,71;62,23;CENTRO OESTE|04 - PRODUTOS REVENDA|VAREJO
04 - PRODUTOS REVENDA;CONSTR CENTRO OESTE;CONSTRUTORA;CONSTRUTORA;4219,33;226705,34;53,73;CONSTR CENTRO OESTE|04 - PRODUTOS REVENDA|CONSTRUTORA
04 - PRODUTOS REVENDA;CONSTR NORDESTE;CONSTRUTORA;CONSTRUTORA;6585,91;387508,54;58,84;CONSTR NORDESTE|04 - PRODUTOS REVENDA|CONSTRUTORA
04 - PRODUTOS REVENDA;CONSTR NORDESTE;CONSTRUTORA;OUTROS;3,52;297,34;84,47;CONSTR NORDESTE|04 - PRODUTOS REVENDA|OUTROS
04 - PRODUTOS REVENDA;CONSTR NORTE;CONSTRUTORA;CONSTRUTORA;356,44;20556,84;57,67;CONSTR NORTE|04 - PRODUTOS REVENDA|CONSTRUTORA
04 - PRODUTOS REVENDA;CONSTR SAO PAULO;CONSTRUTORA;CONSTRUTORA;4146,34;224699,92;54,19;CONSTR SAO PAULO|04 - PRODUTOS REVENDA|CONSTRUTORA
04 - PRODUTOS REVENDA;CONSTR SAO PAULO;CONSTRUTORA;OUTROS;2,55;197,16;77,28;CONSTR SAO PAULO|04 - PRODUTOS REVENDA|OUTROS
04 - PRODUTOS REVENDA;CONSTR SAO PAULO;CONSTRUTORA;VAREJO;1,70;87,77;51,63;CONSTR SAO PAULO|04 - PRODUTOS REVENDA|VAREJO
04 - PRODUTOS REVENDA;CONSTR SUDESTE;CONSTRUTORA;CONSTRUTORA;1256,47;66067,83;52,58;CONSTR SUDESTE|04 - PRODUTOS REVENDA|CONSTRUTORA
04 - PRODUTOS REVENDA;CONSTR SUL;CONSTRUTORA;CONSTRUTORA;3818,58;233076,59;61,04;CONSTR SUL|04 - PRODUTOS REVENDA|CONSTRUTORA
04 - PRODUTOS REVENDA;CONSTR SUL;CONSTRUTORA;OUTROS;24,21;1266,33;52,31;CONSTR SUL|04 - PRODUTOS REVENDA|OUTROS
04 - PRODUTOS REVENDA;CONSTR SUL;CONSTRUTORA;VAREJO;0,96;86,21;89,80;CONSTR SUL|04 - PRODUTOS REVENDA|VAREJO
04 - PRODUTOS REVENDA;EXPORTACAO;EXPORTACAO;EXPORTACAO;539,95;23512,62;43,55;EXPORTACAO|04 - PRODUTOS REVENDA|EXPORTACAO
04 - PRODUTOS REVENDA;IRRIGACAO 1;IRRIGACAO;IRRIGACAO;225,78;15371,05;68,08;IRRIGACAO 1|04 - PRODUTOS REVENDA|IRRIGACAO
04 - PRODUTOS REVENDA;IRRIGACAO 1;IRRIGACAO;VAREJO;14,40;1056,63;73,38;IRRIGACAO 1|04 - PRODUTOS REVENDA|VAREJO
04 - PRODUTOS REVENDA;IRRIGACAO 2;IRRIGACAO;IRRIGACAO;79,82;5702,12;71,44;IRRIGACAO 2|04 - PRODUTOS REVENDA|IRRIGACAO
04 - PRODUTOS REVENDA;IRRIGACAO 2;IRRIGACAO;VAREJO;9,21;1012,10;109,84;IRRIGACAO 2|04 - PRODUTOS REVENDA|VAREJO
04 - PRODUTOS REVENDA;MINAS GERAIS;MINAS RJ/ES;ATACADO;13900,79;717999,94;51,65;MINAS GERAIS|04 - PRODUTOS REVENDA|ATACADO
04 - PRODUTOS REVENDA;MINAS GERAIS;MINAS RJ/ES;OUTROS;19,85;1299,13;65,45;MINAS GERAIS|04 - PRODUTOS REVENDA|OUTROS
04 - PRODUTOS REVENDA;MINAS GERAIS;MINAS RJ/ES;VAREJO;3378,52;204837,17;60,63;MINAS GERAIS|04 - PRODUTOS REVENDA|VAREJO
04 - PRODUTOS REVENDA;NORDESTE 1;NORDESTE;ATACADO;451,27;32350,79;71,69;NORDESTE 1|04 - PRODUTOS REVENDA|ATACADO
04 - PRODUTOS REVENDA;NORDESTE 1;NORDESTE;OUTROS;11,58;1272,59;109,92;NORDESTE 1|04 - PRODUTOS REVENDA|OUTROS
04 - PRODUTOS REVENDA;NORDESTE 1;NORDESTE;VAREJO;1401,61;100102,44;71,42;NORDESTE 1|04 - PRODUTOS REVENDA|VAREJO
04 - PRODUTOS REVENDA;NORDESTE 2;NORDESTE;ATACADO;990,67;69185,61;69,84;NORDESTE 2|04 - PRODUTOS REVENDA|ATACADO
04 - PRODUTOS REVENDA;NORDESTE 2;NORDESTE;OUTROS;10,58;903,85;85,41;NORDESTE 2|04 - PRODUTOS REVENDA|OUTROS
04 - PRODUTOS REVENDA;NORDESTE 2;NORDESTE;VAREJO;1797,14;138656,18;77,15;NORDESTE 2|04 - PRODUTOS REVENDA|VAREJO
04 - PRODUTOS REVENDA;NORDESTE 3;NORDESTE;ATACADO;1062,58;71056,99;66,87;NORDESTE 3|04 - PRODUTOS REVENDA|ATACADO
04 - PRODUTOS REVENDA;NORDESTE 3;NORDESTE;OUTROS;13,94;941,55;67,54;NORDESTE 3|04 - PRODUTOS REVENDA|OUTROS
04 - PRODUTOS REVENDA;NORDESTE 3;NORDESTE;VAREJO;2006,53;140839,38;70,19;NORDESTE 3|04 - PRODUTOS REVENDA|VAREJO
04 - PRODUTOS REVENDA;NORTE;CO NO;ATACADO;297,28;25665,07;86,33;NORTE|04 - PRODUTOS REVENDA|ATACADO
04 - PRODUTOS REVENDA;NORTE;CO NO;VAREJO;1705,15;128780,53;75,52;NORTE|04 - PRODUTOS REVENDA|VAREJO
04 - PRODUTOS REVENDA;PARANA;SUL;ATACADO;1701,16;96280,68;56,60;PARANA|04 - PRODUTOS REVENDA|ATACADO
04 - PRODUTOS REVENDA;PARANA;SUL;IRRIGACAO;3,54;282,46;79,79;PARANA|04 - PRODUTOS REVENDA|IRRIGACAO
04 - PRODUTOS REVENDA;PARANA;SUL;OUTROS;45,46;3661,03;80,53;PARANA|04 - PRODUTOS REVENDA|OUTROS
04 - PRODUTOS REVENDA;PARANA;SUL;VAREJO;2254,39;156621,60;69,47;PARANA|04 - PRODUTOS REVENDA|VAREJO
04 - PRODUTOS REVENDA;RIO GRANDE DO SUL;SUL;ATACADO;3609,00;210617,54;58,36;RIO GRANDE DO SUL|04 - PRODUTOS REVENDA|ATACADO
04 - PRODUTOS REVENDA;RIO GRANDE DO SUL;SUL;OUTROS;252,06;21440,07;85,06;RIO GRANDE DO SUL|04 - PRODUTOS REVENDA|OUTROS
04 - PRODUTOS REVENDA;RIO GRANDE DO SUL;SUL;VAREJO;1855,62;132589,57;71,45;RIO GRANDE DO SUL|04 - PRODUTOS REVENDA|VAREJO
04 - PRODUTOS REVENDA;RJ/ES;MINAS RJ/ES;ATACADO;1709,38;98765,43;57,78;RJ/ES|04 - PRODUTOS REVENDA|ATACADO
04 - PRODUTOS REVENDA;RJ/ES;MINAS RJ/ES;OUTROS;55,65;3056,52;54,92;RJ/ES|04 - PRODUTOS REVENDA|OUTROS
04 - PRODUTOS REVENDA;RJ/ES;MINAS RJ/ES;VAREJO;1253,70;80194,47;63,97;RJ/ES|04 - PRODUTOS REVENDA|VAREJO
04 - PRODUTOS REVENDA;SANTA CATARINA 01;SUL;ATACADO;1302,39;81408,66;62,51;SANTA CATARINA 01|04 - PRODUTOS REVENDA|ATACADO
04 - PRODUTOS REVENDA;SANTA CATARINA 01;SUL;OUTROS;10,60;1598,88;150,84;SANTA CATARINA 01|04 - PRODUTOS REVENDA|OUTROS
04 - PRODUTOS REVENDA;SANTA CATARINA 01;SUL;VAREJO;1650,54;108341,76;65,64;SANTA CATARINA 01|04 - PRODUTOS REVENDA|VAREJO
04 - PRODUTOS REVENDA;SANTA CATARINA 02;SUL;ATACADO;941,58;54227,63;57,59;SANTA CATARINA 02|04 - PRODUTOS REVENDA|ATACADO
04 - PRODUTOS REVENDA;SANTA CATARINA 02;SUL;OUTROS;36,61;3250,19;88,78;SANTA CATARINA 02|04 - PRODUTOS REVENDA|OUTROS
04 - PRODUTOS REVENDA;SANTA CATARINA 02;SUL;VAREJO;2762,96;183878,30;66,55;SANTA CATARINA 02|04 - PRODUTOS REVENDA|VAREJO
04 - PRODUTOS REVENDA;SAO PAULO CAPITAL;SP;ATACADO;414,63;24704,67;59,58;SAO PAULO CAPITAL|04 - PRODUTOS REVENDA|ATACADO
04 - PRODUTOS REVENDA;SAO PAULO CAPITAL;SP;OUTROS;15,00;1005,08;67,02;SAO PAULO CAPITAL|04 - PRODUTOS REVENDA|OUTROS
04 - PRODUTOS REVENDA;SAO PAULO CAPITAL;SP;VAREJO;3054,62;225491,29;73,82;SAO PAULO CAPITAL|04 - PRODUTOS REVENDA|VAREJO
04 - PRODUTOS REVENDA;SAO PAULO CAPITAL 2;SP;ATACADO;3897,98;224753,70;57,66;SAO PAULO CAPITAL 2|04 - PRODUTOS REVENDA|ATACADO
04 - PRODUTOS REVENDA;SAO PAULO INTERIOR;SP;ATACADO;1700,10;92359,23;54,33;SAO PAULO INTERIOR|04 - PRODUTOS REVENDA|ATACADO
04 - PRODUTOS REVENDA;SAO PAULO INTERIOR;SP;OUTROS;54,34;4119,00;75,80;SAO PAULO INTERIOR|04 - PRODUTOS REVENDA|OUTROS
04 - PRODUTOS REVENDA;SAO PAULO INTERIOR;SP;VAREJO;2339,79;151925,94;64,93;SAO PAULO INTERIOR|04 - PRODUTOS REVENDA|VAREJO
04 - PRODUTOS REVENDA;TELEVENDAS;TELEVENDAS;ATACADO;19,01;1040,39;54,72;TELEVENDAS|04 - PRODUTOS REVENDA|ATACADO
04 - PRODUTOS REVENDA;TELEVENDAS;TELEVENDAS;IRRIGACAO;22,77;1220,32;53,59;TELEVENDAS|04 - PRODUTOS REVENDA|IRRIGACAO
04 - PRODUTOS REVENDA;TELEVENDAS;TELEVENDAS;OUTROS;28,37;2648,98;93,37;TELEVENDAS|04 - PRODUTOS REVENDA|OUTROS
04 - PRODUTOS REVENDA;TELEVENDAS;TELEVENDAS;VAREJO;1578,29;104308,76;66,09;TELEVENDAS|04 - PRODUTOS REVENDA|VAREJO
29 - PPR;CENTRO OESTE;CO NO;VAREJO;15,97;1260,00;78,91;CENTRO OESTE|29 - PPR|VAREJO
29 - PPR;CONSTR CENTRO OESTE;CONSTRUTORA;CONSTRUTORA;115,33;7480,18;64,86;CONSTR CENTRO OESTE|29 - PPR|CONSTRUTORA
29 - PPR;CONSTR NORDESTE;CONSTRUTORA;CONSTRUTORA;5942,85;258620,64;43,52;CONSTR NORDESTE|29 - PPR|CONSTRUTORA
29 - PPR;CONSTR NORDESTE;CONSTRUTORA;OUTROS;88,27;5516,12;62,49;CONSTR NORDESTE|29 - PPR|OUTROS
29 - PPR;CONSTR NORTE;CONSTRUTORA;CONSTRUTORA;64,39;9647,20;149,83;CONSTR NORTE|29 - PPR|CONSTRUTORA
29 - PPR;CONSTR SAO PAULO;CONSTRUTORA;CONSTRUTORA;433,26;19374,20;44,72;CONSTR SAO PAULO|29 - PPR|CONSTRUTORA
29 - PPR;CONSTR SUDESTE;CONSTRUTORA;CONSTRUTORA;363,05;19957,97;54,97;CONSTR SUDESTE|29 - PPR|CONSTRUTORA
29 - PPR;CONSTR SUL;CONSTRUTORA;CONSTRUTORA;7377,81;359797,07;48,77;CONSTR SUL|29 - PPR|CONSTRUTORA
29 - PPR;IRRIGACAO 1;IRRIGACAO;IRRIGACAO;35,27;2100,65;59,56;IRRIGACAO 1|29 - PPR|IRRIGACAO
29 - PPR;MINAS GERAIS;MINAS RJ/ES;VAREJO;16,94;1382,00;81,60;MINAS GERAIS|29 - PPR|VAREJO
29 - PPR;NORDESTE 1;NORDESTE;VAREJO;36,54;4025,77;110,18;NORDESTE 1|29 - PPR|VAREJO
29 - PPR;NORDESTE 2;NORDESTE;VAREJO;17,60;1217,12;69,14;NORDESTE 2|29 - PPR|VAREJO
29 - PPR;NORDESTE 3;NORDESTE;ATACADO;0,18;28,80;156,92;NORDESTE 3|29 - PPR|ATACADO
29 - PPR;NORDESTE 3;NORDESTE;OUTROS;37,52;1814,65;48,37;NORDESTE 3|29 - PPR|OUTROS
29 - PPR;NORDESTE 3;NORDESTE;VAREJO;18,20;1347,51;74,06;NORDESTE 3|29 - PPR|VAREJO
29 - PPR;NORTE;CO NO;VAREJO;13,46;792,83;58,90;NORTE|29 - PPR|VAREJO
29 - PPR;PARANA;SUL;ATACADO;91,15;4009,69;43,99;PARANA|29 - PPR|ATACADO
29 - PPR;PARANA;SUL;VAREJO;218,18;13085,50;59,98;PARANA|29 - PPR|VAREJO
29 - PPR;RIO GRANDE DO SUL;SUL;ATACADO;901,73;40493,61;44,91;RIO GRANDE DO SUL|29 - PPR|ATACADO
29 - PPR;RIO GRANDE DO SUL;SUL;OUTROS;25,78;1835,67;71,21;RIO GRANDE DO SUL|29 - PPR|OUTROS
29 - PPR;RIO GRANDE DO SUL;SUL;VAREJO;1208,74;70019,28;57,93;RIO GRANDE DO SUL|29 - PPR|VAREJO
29 - PPR;RJ/ES;MINAS RJ/ES;VAREJO;10,81;485,42;44,92;RJ/ES|29 - PPR|VAREJO
29 - PPR;SANTA CATARINA 01;SUL;ATACADO;426,98;21621,75;50,64;SANTA CATARINA 01|29 - PPR|ATACADO
29 - PPR;SANTA CATARINA 01;SUL;VAREJO;575,59;34243,39;59,49;SANTA CATARINA 01|29 - PPR|VAREJO
29 - PPR;SANTA CATARINA 02;SUL;ATACADO;385,30;16084,45;41,75;SANTA CATARINA 02|29 - PPR|ATACADO
29 - PPR;SANTA CATARINA 02;SUL;VAREJO;497,36;26606,28;53,49;SANTA CATARINA 02|29 - PPR|VAREJO
29 - PPR;SAO PAULO CAPITAL;SP;VAREJO;91,07;9511,93;104,44;SAO PAULO CAPITAL|29 - PPR|VAREJO
29 - PPR;SAO PAULO INTERIOR;SP;VAREJO;22,12;1901,52;85,98;SAO PAULO INTERIOR|29 - PPR|VAREJO
29 - PPR;TELEVENDAS;TELEVENDAS;OUTROS;15,75;3127,59;198,63;TELEVENDAS|29 - PPR|OUTROS
29 - PPR;TELEVENDAS;TELEVENDAS;VAREJO;89,76;5846,90;65,14;TELEVENDAS|29 - PPR|VAREJO
30 - ELETRODUTOS CORRUGADOS KRONA;CENTRO OESTE;CO NO;ATACADO;67551,75;870818,87;12,89;CENTRO OESTE|30 - ELETRODUTOS CORRUGADOS KRONA|ATACADO
30 - ELETRODUTOS CORRUGADOS KRONA;CENTRO OESTE;CO NO;VAREJO;22611,51;326929,51;14,46;CENTRO OESTE|30 - ELETRODUTOS CORRUGADOS KRONA|VAREJO
30 - ELETRODUTOS CORRUGADOS KRONA;CONSTR CENTRO OESTE;CONSTRUTORA;CONSTRUTORA;30478,07;447229,51;14,67;CONSTR CENTRO OESTE|30 - ELETRODUTOS CORRUGADOS KRONA|CONSTRUTORA
30 - ELETRODUTOS CORRUGADOS KRONA;CONSTR CENTRO OESTE;CONSTRUTORA;VAREJO;399,00;7590,00;19,02;CONSTR CENTRO OESTE|30 - ELETRODUTOS CORRUGADOS KRONA|VAREJO
30 - ELETRODUTOS CORRUGADOS KRONA;CONSTR NORDESTE;CONSTRUTORA;CONSTRUTORA;53705,30;968706,00;18,04;CONSTR NORDESTE|30 - ELETRODUTOS CORRUGADOS KRONA|CONSTRUTORA
30 - ELETRODUTOS CORRUGADOS KRONA;CONSTR NORDESTE;CONSTRUTORA;OUTROS;191,42;4410,18;23,04;CONSTR NORDESTE|30 - ELETRODUTOS CORRUGADOS KRONA|OUTROS
30 - ELETRODUTOS CORRUGADOS KRONA;CONSTR NORTE;CONSTRUTORA;CONSTRUTORA;2231,21;39961,64;17,91;CONSTR NORTE|30 - ELETRODUTOS CORRUGADOS KRONA|CONSTRUTORA
30 - ELETRODUTOS CORRUGADOS KRONA;CONSTR SAO PAULO;CONSTRUTORA;CONSTRUTORA;34883,22;553005,95;15,85;CONSTR SAO PAULO|30 - ELETRODUTOS CORRUGADOS KRONA|CONSTRUTORA
30 - ELETRODUTOS CORRUGADOS KRONA;CONSTR SAO PAULO;CONSTRUTORA;VAREJO;3,26;68,85;21,12;CONSTR SAO PAULO|30 - ELETRODUTOS CORRUGADOS KRONA|VAREJO
30 - ELETRODUTOS CORRUGADOS KRONA;CONSTR SUDESTE;CONSTRUTORA;CONSTRUTORA;20952,79;308161,16;14,71;CONSTR SUDESTE|30 - ELETRODUTOS CORRUGADOS KRONA|CONSTRUTORA
30 - ELETRODUTOS CORRUGADOS KRONA;CONSTR SUL;CONSTRUTORA;CONSTRUTORA;38478,03;609373,44;15,84;CONSTR SUL|30 - ELETRODUTOS CORRUGADOS KRONA|CONSTRUTORA
30 - ELETRODUTOS CORRUGADOS KRONA;CONSTR SUL;CONSTRUTORA;OUTROS;127,92;2351,35;18,38;CONSTR SUL|30 - ELETRODUTOS CORRUGADOS KRONA|OUTROS
30 - ELETRODUTOS CORRUGADOS KRONA;EXPORTACAO;EXPORTACAO;EXPORTACAO;2165,24;22952,53;10,60;EXPORTACAO|30 - ELETRODUTOS CORRUGADOS KRONA|EXPORTACAO
30 - ELETRODUTOS CORRUGADOS KRONA;EXPORTACAO;EXPORTACAO;VAREJO;4128,00;44681,12;10,82;EXPORTACAO|30 - ELETRODUTOS CORRUGADOS KRONA|VAREJO
30 - ELETRODUTOS CORRUGADOS KRONA;IRRIGACAO 1;IRRIGACAO;IRRIGACAO;87,88;1548,15;17,62;IRRIGACAO 1|30 - ELETRODUTOS CORRUGADOS KRONA|IRRIGACAO
30 - ELETRODUTOS CORRUGADOS KRONA;IRRIGACAO 1;IRRIGACAO;VAREJO;45,28;716,88;15,83;IRRIGACAO 1|30 - ELETRODUTOS CORRUGADOS KRONA|VAREJO
30 - ELETRODUTOS CORRUGADOS KRONA;IRRIGACAO 2;IRRIGACAO;IRRIGACAO;61,10;1360,21;22,26;IRRIGACAO 2|30 - ELETRODUTOS CORRUGADOS KRONA|IRRIGACAO
30 - ELETRODUTOS CORRUGADOS KRONA;MINAS GERAIS;MINAS RJ/ES;ATACADO;76903,90;1014100,13;13,19;MINAS GERAIS|30 - ELETRODUTOS CORRUGADOS KRONA|ATACADO
30 - ELETRODUTOS CORRUGADOS KRONA;MINAS GERAIS;MINAS RJ/ES;OUTROS;143,88;2731,25;18,98;MINAS GERAIS|30 - ELETRODUTOS CORRUGADOS KRONA|OUTROS
30 - ELETRODUTOS CORRUGADOS KRONA;MINAS GERAIS;MINAS RJ/ES;VAREJO;29182,06;454372,32;15,57;MINAS GERAIS|30 - ELETRODUTOS CORRUGADOS KRONA|VAREJO
30 - ELETRODUTOS CORRUGADOS KRONA;NORDESTE 1;NORDESTE;ATACADO;9963,52;143173,30;14,37;NORDESTE 1|30 - ELETRODUTOS CORRUGADOS KRONA|ATACADO
30 - ELETRODUTOS CORRUGADOS KRONA;NORDESTE 1;NORDESTE;OUTROS;282,75;4164,25;14,73;NORDESTE 1|30 - ELETRODUTOS CORRUGADOS KRONA|OUTROS
30 - ELETRODUTOS CORRUGADOS KRONA;NORDESTE 1;NORDESTE;VAREJO;7599,55;119799,14;15,76;NORDESTE 1|30 - ELETRODUTOS CORRUGADOS KRONA|VAREJO
30 - ELETRODUTOS CORRUGADOS KRONA;NORDESTE 2;NORDESTE;ATACADO;27304,83;385363,06;14,11;NORDESTE 2|30 - ELETRODUTOS CORRUGADOS KRONA|ATACADO
30 - ELETRODUTOS CORRUGADOS KRONA;NORDESTE 2;NORDESTE;OUTROS;91,20;1720,00;18,86;NORDESTE 2|30 - ELETRODUTOS CORRUGADOS KRONA|OUTROS
30 - ELETRODUTOS CORRUGADOS KRONA;NORDESTE 2;NORDESTE;VAREJO;11919,02;196493,34;16,49;NORDESTE 2|30 - ELETRODUTOS CORRUGADOS KRONA|VAREJO
30 - ELETRODUTOS CORRUGADOS KRONA;NORDESTE 3;NORDESTE;ATACADO;36859,23;546403,47;14,82;NORDESTE 3|30 - ELETRODUTOS CORRUGADOS KRONA|ATACADO
30 - ELETRODUTOS CORRUGADOS KRONA;NORDESTE 3;NORDESTE;OUTROS;18,72;340,85;18,21;NORDESTE 3|30 - ELETRODUTOS CORRUGADOS KRONA|OUTROS
30 - ELETRODUTOS CORRUGADOS KRONA;NORDESTE 3;NORDESTE;VAREJO;25953,80;422190,84;16,27;NORDESTE 3|30 - ELETRODUTOS CORRUGADOS KRONA|VAREJO
30 - ELETRODUTOS CORRUGADOS KRONA;NORTE;CO NO;ATACADO;6932,40;103333,89;14,91;NORTE|30 - ELETRODUTOS CORRUGADOS KRONA|ATACADO
30 - ELETRODUTOS CORRUGADOS KRONA;NORTE;CO NO;VAREJO;16310,55;275926,81;16,92;NORTE|30 - ELETRODUTOS CORRUGADOS KRONA|VAREJO
30 - ELETRODUTOS CORRUGADOS KRONA;PARANA;SUL;ATACADO;4523,48;70138,26;15,51;PARANA|30 - ELETRODUTOS CORRUGADOS KRONA|ATACADO
30 - ELETRODUTOS CORRUGADOS KRONA;PARANA;SUL;OUTROS;14,99;332,61;22,19;PARANA|30 - ELETRODUTOS CORRUGADOS KRONA|OUTROS
30 - ELETRODUTOS CORRUGADOS KRONA;PARANA;SUL;VAREJO;16081,61;271196,54;16,86;PARANA|30 - ELETRODUTOS CORRUGADOS KRONA|VAREJO
30 - ELETRODUTOS CORRUGADOS KRONA;RIO GRANDE DO SUL;SUL;ATACADO;12823,85;180532,30;14,08;RIO GRANDE DO SUL|30 - ELETRODUTOS CORRUGADOS KRONA|ATACADO
30 - ELETRODUTOS CORRUGADOS KRONA;RIO GRANDE DO SUL;SUL;OUTROS;110,60;2175,50;19,67;RIO GRANDE DO SUL|30 - ELETRODUTOS CORRUGADOS KRONA|OUTROS
30 - ELETRODUTOS CORRUGADOS KRONA;RIO GRANDE DO SUL;SUL;VAREJO;8212,71;143683,76;17,50;RIO GRANDE DO SUL|30 - ELETRODUTOS CORRUGADOS KRONA|VAREJO
30 - ELETRODUTOS CORRUGADOS KRONA;RJ/ES;MINAS RJ/ES;ATACADO;12098,37;168278,33;13,91;RJ/ES|30 - ELETRODUTOS CORRUGADOS KRONA|ATACADO
30 - ELETRODUTOS CORRUGADOS KRONA;RJ/ES;MINAS RJ/ES;OUTROS;182,60;2649,73;14,51;RJ/ES|30 - ELETRODUTOS CORRUGADOS KRONA|OUTROS
30 - ELETRODUTOS CORRUGADOS KRONA;RJ/ES;MINAS RJ/ES;VAREJO;7567,78;118799,85;15,70;RJ/ES|30 - ELETRODUTOS CORRUGADOS KRONA|VAREJO
30 - ELETRODUTOS CORRUGADOS KRONA;SANTA CATARINA 01;SUL;ATACADO;3303,31;49755,70;15,06;SANTA CATARINA 01|30 - ELETRODUTOS CORRUGADOS KRONA|ATACADO
30 - ELETRODUTOS CORRUGADOS KRONA;SANTA CATARINA 01;SUL;OUTROS;17,89;292,90;16,37;SANTA CATARINA 01|30 - ELETRODUTOS CORRUGADOS KRONA|OUTROS
30 - ELETRODUTOS CORRUGADOS KRONA;SANTA CATARINA 01;SUL;VAREJO;4889,68;82848,30;16,94;SANTA CATARINA 01|30 - ELETRODUTOS CORRUGADOS KRONA|VAREJO
30 - ELETRODUTOS CORRUGADOS KRONA;SANTA CATARINA 02;SUL;ATACADO;3945,92;63744,33;16,15;SANTA CATARINA 02|30 - ELETRODUTOS CORRUGADOS KRONA|ATACADO
30 - ELETRODUTOS CORRUGADOS KRONA;SANTA CATARINA 02;SUL;OUTROS;17,62;289,65;16,44;SANTA CATARINA 02|30 - ELETRODUTOS CORRUGADOS KRONA|OUTROS
30 - ELETRODUTOS CORRUGADOS KRONA;SANTA CATARINA 02;SUL;VAREJO;10469,12;171591,31;16,39;SANTA CATARINA 02|30 - ELETRODUTOS CORRUGADOS KRONA|VAREJO
30 - ELETRODUTOS CORRUGADOS KRONA;SAO PAULO CAPITAL;SP;ATACADO;156,71;2562,15;16,35;SAO PAULO CAPITAL|30 - ELETRODUTOS CORRUGADOS KRONA|ATACADO
30 - ELETRODUTOS CORRUGADOS KRONA;SAO PAULO CAPITAL;SP;OUTROS;126,50;2362,00;18,67;SAO PAULO CAPITAL|30 - ELETRODUTOS CORRUGADOS KRONA|OUTROS
30 - ELETRODUTOS CORRUGADOS KRONA;SAO PAULO CAPITAL;SP;VAREJO;11514,95;186148,89;16,17;SAO PAULO CAPITAL|30 - ELETRODUTOS CORRUGADOS KRONA|VAREJO
30 - ELETRODUTOS CORRUGADOS KRONA;SAO PAULO CAPITAL 2;SP;ATACADO;8625,55;134660,06;15,61;SAO PAULO CAPITAL 2|30 - ELETRODUTOS CORRUGADOS KRONA|ATACADO
30 - ELETRODUTOS CORRUGADOS KRONA;SAO PAULO INTERIOR;SP;ATACADO;5056,08;78748,32;15,57;SAO PAULO INTERIOR|30 - ELETRODUTOS CORRUGADOS KRONA|ATACADO
30 - ELETRODUTOS CORRUGADOS KRONA;SAO PAULO INTERIOR;SP;OUTROS;246,65;4834,30;19,60;SAO PAULO INTERIOR|30 - ELETRODUTOS CORRUGADOS KRONA|OUTROS
30 - ELETRODUTOS CORRUGADOS KRONA;SAO PAULO INTERIOR;SP;VAREJO;12474,46;212383,28;17,03;SAO PAULO INTERIOR|30 - ELETRODUTOS CORRUGADOS KRONA|VAREJO
30 - ELETRODUTOS CORRUGADOS KRONA;TELEVENDAS;TELEVENDAS;ATACADO;1560,00;21690,00;13,90;TELEVENDAS|30 - ELETRODUTOS CORRUGADOS KRONA|ATACADO
30 - ELETRODUTOS CORRUGADOS KRONA;TELEVENDAS;TELEVENDAS;OUTROS;34,66;622,69;17,97;TELEVENDAS|30 - ELETRODUTOS CORRUGADOS KRONA|OUTROS
30 - ELETRODUTOS CORRUGADOS KRONA;TELEVENDAS;TELEVENDAS;VAREJO;6467,87;108603,90;16,79;TELEVENDAS|30 - ELETRODUTOS CORRUGADOS KRONA|VAREJO
31 - CPVC ULTRATERM;CENTRO OESTE;CO NO;ATACADO;2145,46;80946,25;37,73;CENTRO OESTE|31 - CPVC ULTRATERM|ATACADO
31 - CPVC ULTRATERM;CENTRO OESTE;CO NO;VAREJO;1114,58;62109,73;55,72;CENTRO OESTE|31 - CPVC ULTRATERM|VAREJO
31 - CPVC ULTRATERM;CONSTR CENTRO OESTE;CONSTRUTORA;CONSTRUTORA;1319,43;78666,73;59,62;CONSTR CENTRO OESTE|31 - CPVC ULTRATERM|CONSTRUTORA
31 - CPVC ULTRATERM;CONSTR NORDESTE;CONSTRUTORA;CONSTRUTORA;2424,03;137479,98;56,72;CONSTR NORDESTE|31 - CPVC ULTRATERM|CONSTRUTORA
31 - CPVC ULTRATERM;CONSTR NORTE;CONSTRUTORA;CONSTRUTORA;416,22;28123,92;67,57;CONSTR NORTE|31 - CPVC ULTRATERM|CONSTRUTORA
31 - CPVC ULTRATERM;CONSTR SAO PAULO;CONSTRUTORA;CONSTRUTORA;624,57;34283,24;54,89;CONSTR SAO PAULO|31 - CPVC ULTRATERM|CONSTRUTORA
31 - CPVC ULTRATERM;CONSTR SAO PAULO;CONSTRUTORA;OUTROS;21,12;1248,41;59,11;CONSTR SAO PAULO|31 - CPVC ULTRATERM|OUTROS
31 - CPVC ULTRATERM;CONSTR SUDESTE;CONSTRUTORA;CONSTRUTORA;1821,67;75198,20;41,28;CONSTR SUDESTE|31 - CPVC ULTRATERM|CONSTRUTORA
31 - CPVC ULTRATERM;CONSTR SUL;CONSTRUTORA;CONSTRUTORA;2720,47;125294,41;46,06;CONSTR SUL|31 - CPVC ULTRATERM|CONSTRUTORA
31 - CPVC ULTRATERM;EXPORTACAO;EXPORTACAO;EXPORTACAO;0,82;486,47;592,18;EXPORTACAO|31 - CPVC ULTRATERM|EXPORTACAO
31 - CPVC ULTRATERM;IRRIGACAO 1;IRRIGACAO;IRRIGACAO;60,39;2753,57;45,60;IRRIGACAO 1|31 - CPVC ULTRATERM|IRRIGACAO
31 - CPVC ULTRATERM;IRRIGACAO 2;IRRIGACAO;IRRIGACAO;28,41;1781,82;62,72;IRRIGACAO 2|31 - CPVC ULTRATERM|IRRIGACAO
31 - CPVC ULTRATERM;MINAS GERAIS;MINAS RJ/ES;ATACADO;10181,62;392361,68;38,54;MINAS GERAIS|31 - CPVC ULTRATERM|ATACADO
31 - CPVC ULTRATERM;MINAS GERAIS;MINAS RJ/ES;OUTROS;46,18;2479,00;53,69;MINAS GERAIS|31 - CPVC ULTRATERM|OUTROS
31 - CPVC ULTRATERM;MINAS GERAIS;MINAS RJ/ES;VAREJO;2725,28;124052,88;45,52;MINAS GERAIS|31 - CPVC ULTRATERM|VAREJO
31 - CPVC ULTRATERM;NORDESTE 1;NORDESTE;ATACADO;15,73;1182,68;75,18;NORDESTE 1|31 - CPVC ULTRATERM|ATACADO
31 - CPVC ULTRATERM;NORDESTE 1;NORDESTE;OUTROS;42,92;4202,29;97,90;NORDESTE 1|31 - CPVC ULTRATERM|OUTROS
31 - CPVC ULTRATERM;NORDESTE 1;NORDESTE;VAREJO;269,18;18464,33;68,59;NORDESTE 1|31 - CPVC ULTRATERM|VAREJO
31 - CPVC ULTRATERM;NORDESTE 2;NORDESTE;ATACADO;182,28;9736,28;53,42;NORDESTE 2|31 - CPVC ULTRATERM|ATACADO
31 - CPVC ULTRATERM;NORDESTE 2;NORDESTE;OUTROS;131,00;8260,20;63,05;NORDESTE 2|31 - CPVC ULTRATERM|OUTROS
31 - CPVC ULTRATERM;NORDESTE 2;NORDESTE;VAREJO;339,08;25079,28;73,96;NORDESTE 2|31 - CPVC ULTRATERM|VAREJO
31 - CPVC ULTRATERM;NORDESTE 3;NORDESTE;ATACADO;427,64;21408,87;50,06;NORDESTE 3|31 - CPVC ULTRATERM|ATACADO
31 - CPVC ULTRATERM;NORDESTE 3;NORDESTE;OUTROS;41,43;2646,20;63,87;NORDESTE 3|31 - CPVC ULTRATERM|OUTROS
31 - CPVC ULTRATERM;NORDESTE 3;NORDESTE;VAREJO;125,26;7118,69;56,83;NORDESTE 3|31 - CPVC ULTRATERM|VAREJO
31 - CPVC ULTRATERM;NORTE;CO NO;ATACADO;41,79;4020,89;96,22;NORTE|31 - CPVC ULTRATERM|ATACADO
31 - CPVC ULTRATERM;NORTE;CO NO;VAREJO;184,18;11915,82;64,70;NORTE|31 - CPVC ULTRATERM|VAREJO
31 - CPVC ULTRATERM;PARANA;SUL;ATACADO;222,39;9209,50;41,41;PARANA|31 - CPVC ULTRATERM|ATACADO
31 - CPVC ULTRATERM;PARANA;SUL;OUTROS;13,81;2162,94;156,58;PARANA|31 - CPVC ULTRATERM|OUTROS
31 - CPVC ULTRATERM;PARANA;SUL;VAREJO;817,85;41833,09;51,15;PARANA|31 - CPVC ULTRATERM|VAREJO
31 - CPVC ULTRATERM;RIO GRANDE DO SUL;SUL;ATACADO;1326,27;52174,69;39,34;RIO GRANDE DO SUL|31 - CPVC ULTRATERM|ATACADO
31 - CPVC ULTRATERM;RIO GRANDE DO SUL;SUL;OUTROS;35,11;1695,81;48,30;RIO GRANDE DO SUL|31 - CPVC ULTRATERM|OUTROS
31 - CPVC ULTRATERM;RIO GRANDE DO SUL;SUL;VAREJO;894,59;38324,62;42,84;RIO GRANDE DO SUL|31 - CPVC ULTRATERM|VAREJO
31 - CPVC ULTRATERM;RJ/ES;MINAS RJ/ES;ATACADO;1086,11;48436,44;44,60;RJ/ES|31 - CPVC ULTRATERM|ATACADO
31 - CPVC ULTRATERM;RJ/ES;MINAS RJ/ES;OUTROS;104,91;4759,77;45,37;RJ/ES|31 - CPVC ULTRATERM|OUTROS
31 - CPVC ULTRATERM;RJ/ES;MINAS RJ/ES;VAREJO;668,38;34100,33;51,02;RJ/ES|31 - CPVC ULTRATERM|VAREJO
31 - CPVC ULTRATERM;SANTA CATARINA 01;SUL;ATACADO;497,67;19645,04;39,47;SANTA CATARINA 01|31 - CPVC ULTRATERM|ATACADO
31 - CPVC ULTRATERM;SANTA CATARINA 01;SUL;OUTROS;20,09;2737,87;136,30;SANTA CATARINA 01|31 - CPVC ULTRATERM|OUTROS
31 - CPVC ULTRATERM;SANTA CATARINA 01;SUL;VAREJO;451,21;21026,90;46,60;SANTA CATARINA 01|31 - CPVC ULTRATERM|VAREJO
31 - CPVC ULTRATERM;SANTA CATARINA 02;SUL;ATACADO;934,26;40624,56;43,48;SANTA CATARINA 02|31 - CPVC ULTRATERM|ATACADO
31 - CPVC ULTRATERM;SANTA CATARINA 02;SUL;VAREJO;831,21;38838,21;46,73;SANTA CATARINA 02|31 - CPVC ULTRATERM|VAREJO
31 - CPVC ULTRATERM;SAO PAULO CAPITAL;SP;ATACADO;146,13;6664,43;45,60;SAO PAULO CAPITAL|31 - CPVC ULTRATERM|ATACADO
31 - CPVC ULTRATERM;SAO PAULO CAPITAL;SP;VAREJO;701,38;39798,81;56,74;SAO PAULO CAPITAL|31 - CPVC ULTRATERM|VAREJO
31 - CPVC ULTRATERM;SAO PAULO CAPITAL 2;SP;ATACADO;1683,63;78123,00;46,40;SAO PAULO CAPITAL 2|31 - CPVC ULTRATERM|ATACADO
31 - CPVC ULTRATERM;SAO PAULO INTERIOR;SP;ATACADO;787,10;34536,80;43,88;SAO PAULO INTERIOR|31 - CPVC ULTRATERM|ATACADO
31 - CPVC ULTRATERM;SAO PAULO INTERIOR;SP;OUTROS;142,43;7715,41;54,17;SAO PAULO INTERIOR|31 - CPVC ULTRATERM|OUTROS
31 - CPVC ULTRATERM;SAO PAULO INTERIOR;SP;VAREJO;1434,94;71828,62;50,06;SAO PAULO INTERIOR|31 - CPVC ULTRATERM|VAREJO
31 - CPVC ULTRATERM;TELEVENDAS;TELEVENDAS;OUTROS;22,19;1976,19;89,04;TELEVENDAS|31 - CPVC ULTRATERM|OUTROS
31 - CPVC ULTRATERM;TELEVENDAS;TELEVENDAS;VAREJO;471,62;27950,06;59,26;TELEVENDAS|31 - CPVC ULTRATERM|VAREJO
