ID;REGIONAL_GESTOR;REGIONAL;FAMILIA;PERIODO;VALOR;ORIGEM_PLANO;CICLO;REVISAO
CENTRO OESTE-00 - TUBOS PVC KRONA-SET26;CO NO;CENTRO OESTE;00 - TUBOS PVC KRONA;2026-09-01;909174,0;PLANO_REGIONAL;CICLO_SET26_DEZ26;REV1
CENTRO OESTE-01 - TUBOS ELETRODUTOS KRONA-SET26;CO NO;CENTRO OESTE;01 - TUBOS ELETRODUTOS KRONA;2026-09-01;6747,0;PLANO_REGIONAL;CICLO_SET26_DEZ26;REV1
CENTRO OESTE-02 - CONEXOES KRONA-SET26;CO NO;CENTRO OESTE;02 - CONEXOES KRONA;2026-09-01;201252,0;PLANO_REGIONAL;CICLO_SET26_DEZ26;REV1
CENTRO OESTE-03 - ACESSORIOS KRONA-SET26;CO NO;CENTRO OESTE;03 - ACESSORIOS KRONA;2026-09-01;37845,0;PLANO_REGIONAL;CICLO_SET26_DEZ26;REV1
CENTRO OESTE-04 - PRODUTOS REVENDA-SET26;CO NO;CENTRO OESTE;04 - PRODUTOS REVENDA;2026-09-01;12732,0;PLANO_REGIONAL;CICLO_SET26_DEZ26;REV1
CENTRO OESTE-29 - PPR-SET26;CO NO;CENTRO OESTE;29 - PPR;2026-09-01;0,0;PLANO_REGIONAL;CICLO_SET26_DEZ26;REV1
CENTRO OESTE-30 - ELETRODUTOS CORRUGADOS KRONA-SET26;CO NO;CENTRO OESTE;30 - ELETRODUTOS CORRUGADOS KRONA;2026-09-01;97540,0;PLANO_REGIONAL;CICLO_SET26_DEZ26;REV1
CENTRO OESTE-31 - CPVC ULTRATERM-SET26;CO NO;CENTRO OESTE;31 - CPVC ULTRATERM;2026-09-01;4691,0;PLANO_REGIONAL;CICLO_SET26_DEZ26;REV1
NORTE-00 - TUBOS PVC KRONA-SET26;CO NO;NORTE;00 - TUBOS PVC KRONA;2026-09-01;396876,0;PLANO_REGIONAL;CICLO_SET26_DEZ26;REV1
NORTE-01 - TUBOS ELETRODUTOS KRONA-SET26;CO NO;NORTE;01 - TUBOS ELETRODUTOS KRONA;2026-09-01;9895,0;PLANO_REGIONAL;CICLO_SET26_DEZ26;REV1
NORTE-02 - CONEXOES KRONA-SET26;CO NO;NORTE;02 - CONEXOES KRONA;2026-09-01;131270,0;PLANO_REGIONAL;CICLO_SET26_DEZ26;REV1
NORTE-03 - ACESSORIOS KRONA-SET26;CO NO;NORTE;03 - ACESSORIOS KRONA;2026-09-01;14115,0;PLANO_REGIONAL;CICLO_SET26_DEZ26;REV1
NORTE-04 - PRODUTOS REVENDA-SET26;CO NO;NORTE;04 - PRODUTOS REVENDA;2026-09-01;2518,0;PLANO_REGIONAL;CICLO_SET26_DEZ26;REV1
NORTE-29 - PPR-SET26;CO NO;NORTE;29 - PPR;2026-09-01;0,0;PLANO_REGIONAL;CICLO_SET26_DEZ26;REV1
NORTE-30 - ELETRODUTOS CORRUGADOS KRONA-SET26;CO NO;NORTE;30 - ELETRODUTOS CORRUGADOS KRONA;2026-09-01;22679,0;PLANO_REGIONAL;CICLO_SET26_DEZ26;REV1
NORTE-31 - CPVC ULTRATERM-SET26;CO NO;NORTE;31 - CPVC ULTRATERM;2026-09-01;227,0;PLANO_REGIONAL;CICLO_SET26_DEZ26;REV1
CONSTRUTORA 1-00 - TUBOS PVC KRONA-SET26;CONSTRUTORA;CONSTRUTORA 1;00 - TUBOS PVC KRONA;2026-09-01;427808,8651367494;PLANO_REGIONAL;CICLO_SET26_DEZ26;REV1
CONSTRUTORA 1-01 - TUBOS ELETRODUTOS KRONA-SET26;CONSTRUTORA;CONSTRUTORA 1;01 - TUBOS ELETRODUTOS KRONA;2026-09-01;6351,10803861763;PLANO_REGIONAL;CICLO_SET26_DEZ26;REV1
CONSTRUTORA 1-02 - CONEXOES KRONA-SET26;CONSTRUTORA;CONSTRUTORA 1;02 - CONEXOES KRONA;2026-09-01;92565,07734300883;PLANO_REGIONAL;CICLO_SET26_DEZ26;REV1
CONSTRUTORA 1-03 - ACESSORIOS KRONA-SET26;CONSTRUTORA;CONSTRUTORA 1;03 - ACESSORIOS KRONA;2026-09-01;2570,3593774319065;PLANO_REGIONAL;CICLO_SET26_DEZ26;REV1
CONSTRUTORA 1-04 - PRODUTOS REVENDA-SET26;CONSTRUTORA;CONSTRUTORA 1;04 - PRODUTOS REVENDA;2026-09-01;10287,991620780465;PLANO_REGIONAL;CICLO_SET26_DEZ26;REV1
CONSTRUTORA 1-29 - PPR-SET26;CONSTRUTORA;CONSTRUTORA 1;29 - PPR;2026-09-01;8064,350072196375;PLANO_REGIONAL;CICLO_SET26_DEZ26;REV1
CONSTRUTORA 1-30 - ELETRODUTOS CORRUGADOS KRONA-SET26;CONSTRUTORA;CONSTRUTORA 1;30 - ELETRODUTOS CORRUGADOS KRONA;2026-09-01;111373,36633609592;PLANO_REGIONAL;CICLO_SET26_DEZ26;REV1
CONSTRUTORA 1-31 - CPVC ULTRATERM-SET26;CONSTRUTORA;CONSTRUTORA 1;31 - CPVC ULTRATERM;2026-09-01;5693,241451932607;PLANO_REGIONAL;CICLO_SET26_DEZ26;REV1
CONSTRUTORA 2-00 - TUBOS PVC KRONA-SET26;CONSTRUTORA;CONSTRUTORA 2;00 - TUBOS PVC KRONA;2026-09-01;672191,1348632505;PLANO_REGIONAL;CICLO_SET26_DEZ26;REV1
CONSTRUTORA 2-01 - TUBOS ELETRODUTOS KRONA-SET26;CONSTRUTORA;CONSTRUTORA 2;01 - TUBOS ELETRODUTOS KRONA;2026-09-01;33445,891961382375;PLANO_REGIONAL;CICLO_SET26_DEZ26;REV1
CONSTRUTORA 2-02 - CONEXOES KRONA-SET26;CONSTRUTORA;CONSTRUTORA 2;02 - CONEXOES KRONA;2026-09-01;124692,92265699116;PLANO_REGIONAL;CICLO_SET26_DEZ26;REV1
CONSTRUTORA 2-03 - ACESSORIOS KRONA-SET26;CONSTRUTORA;CONSTRUTORA 2;03 - ACESSORIOS KRONA;2026-09-01;4406,640622568094;PLANO_REGIONAL;CICLO_SET26_DEZ26;REV1
CONSTRUTORA 2-04 - PRODUTOS REVENDA-SET26;CONSTRUTORA;CONSTRUTORA 2;04 - PRODUTOS REVENDA;2026-09-01;14595,008379219535;PLANO_REGIONAL;CICLO_SET26_DEZ26;REV1
CONSTRUTORA 2-29 - PPR-SET26;CONSTRUTORA;CONSTRUTORA 2;29 - PPR;2026-09-01;7611,649927803626;PLANO_REGIONAL;CICLO_SET26_DEZ26;REV1
CONSTRUTORA 2-30 - ELETRODUTOS CORRUGADOS KRONA-SET26;CONSTRUTORA;CONSTRUTORA 2;30 - ELETRODUTOS CORRUGADOS KRONA;2026-09-01;108008,63366390407;PLANO_REGIONAL;CICLO_SET26_DEZ26;REV1
CONSTRUTORA 2-31 - CPVC ULTRATERM-SET26;CONSTRUTORA;CONSTRUTORA 2;31 - CPVC ULTRATERM;2026-09-01;4251,758548067393;PLANO_REGIONAL;CICLO_SET26_DEZ26;REV1
EXPORTACAO-00 - TUBOS PVC KRONA-SET26;EXPORTACAO;EXPORTACAO;00 - TUBOS PVC KRONA;2026-09-01;15000,0;PLANO_REGIONAL;CICLO_SET26_DEZ26;REV1
EXPORTACAO-01 - TUBOS ELETRODUTOS KRONA-SET26;EXPORTACAO;EXPORTACAO;01 - TUBOS ELETRODUTOS KRONA;2026-09-01;46,0;PLANO_REGIONAL;CICLO_SET26_DEZ26;REV1
EXPORTACAO-02 - CONEXOES KRONA-SET26;EXPORTACAO;EXPORTACAO;02 - CONEXOES KRONA;2026-09-01;74000,0;PLANO_REGIONAL;CICLO_SET26_DEZ26;REV1
EXPORTACAO-03 - ACESSORIOS KRONA-SET26;EXPORTACAO;EXPORTACAO;03 - ACESSORIOS KRONA;2026-09-01;14918,0;PLANO_REGIONAL;CICLO_SET26_DEZ26;REV1
EXPORTACAO-04 - PRODUTOS REVENDA-SET26;EXPORTACAO;EXPORTACAO;04 - PRODUTOS REVENDA;2026-09-01;354,0;PLANO_REGIONAL;CICLO_SET26_DEZ26;REV1
EXPORTACAO-30 - ELETRODUTOS CORRUGADOS KRONA-SET26;EXPORTACAO;EXPORTACAO;30 - ELETRODUTOS CORRUGADOS KRONA;2026-09-01;2667,0;PLANO_REGIONAL;CICLO_SET26_DEZ26;REV1
EXPORTACAO-31 - CPVC ULTRATERM-SET26;EXPORTACAO;EXPORTACAO;31 - CPVC ULTRATERM;2026-09-01;0,0;PLANO_REGIONAL;CICLO_SET26_DEZ26;REV1
IRRIGACAO 1-00 - TUBOS PVC KRONA-SET26;IRRIGACAO;IRRIGACAO 1;00 - TUBOS PVC KRONA;2026-09-01;11000,0;PLANO_REGIONAL;CICLO_SET26_DEZ26;REV1
IRRIGACAO 1-01 - TUBOS ELETRODUTOS KRONA-SET26;IRRIGACAO;IRRIGACAO 1;01 - TUBOS ELETRODUTOS KRONA;2026-09-01;50,0;PLANO_REGIONAL;CICLO_SET26_DEZ26;REV1
IRRIGACAO 1-02 - CONEXOES KRONA-SET26;IRRIGACAO;IRRIGACAO 1;02 - CONEXOES KRONA;2026-09-01;4800,0;PLANO_REGIONAL;CICLO_SET26_DEZ26;REV1
IRRIGACAO 1-03 - ACESSORIOS KRONA-SET26;IRRIGACAO;IRRIGACAO 1;03 - ACESSORIOS KRONA;2026-09-01;104,0;PLANO_REGIONAL;CICLO_SET26_DEZ26;REV1
IRRIGACAO 1-04 - PRODUTOS REVENDA-SET26;IRRIGACAO;IRRIGACAO 1;04 - PRODUTOS REVENDA;2026-09-01;175,0;PLANO_REGIONAL;CICLO_SET26_DEZ26;REV1
IRRIGACAO 1-29 - PPR-SET26;IRRIGACAO;IRRIGACAO 1;29 - PPR;2026-09-01;0,0;PLANO_REGIONAL;CICLO_SET26_DEZ26;REV1
IRRIGACAO 1-30 - ELETRODUTOS CORRUGADOS KRONA-SET26;IRRIGACAO;IRRIGACAO 1;30 - ELETRODUTOS CORRUGADOS KRONA;2026-09-01;40,0;PLANO_REGIONAL;CICLO_SET26_DEZ26;REV1
IRRIGACAO 1-31 - CPVC ULTRATERM-SET26;IRRIGACAO;IRRIGACAO 1;31 - CPVC ULTRATERM;2026-09-01;0,0;PLANO_REGIONAL;CICLO_SET26_DEZ26;REV1
IRRIGACAO 2-00 - TUBOS PVC KRONA-SET26;IRRIGACAO;IRRIGACAO 2;00 - TUBOS PVC KRONA;2026-09-01;5461,0;PLANO_REGIONAL;CICLO_SET26_DEZ26;REV1
IRRIGACAO 2-01 - TUBOS ELETRODUTOS KRONA-SET26;IRRIGACAO;IRRIGACAO 2;01 - TUBOS ELETRODUTOS KRONA;2026-09-01;82,0;PLANO_REGIONAL;CICLO_SET26_DEZ26;REV1
IRRIGACAO 2-02 - CONEXOES KRONA-SET26;IRRIGACAO;IRRIGACAO 2;02 - CONEXOES KRONA;2026-09-01;3266,0;PLANO_REGIONAL;CICLO_SET26_DEZ26;REV1
IRRIGACAO 2-03 - ACESSORIOS KRONA-SET26;IRRIGACAO;IRRIGACAO 2;03 - ACESSORIOS KRONA;2026-09-01;49,0;PLANO_REGIONAL;CICLO_SET26_DEZ26;REV1
IRRIGACAO 2-04 - PRODUTOS REVENDA-SET26;IRRIGACAO;IRRIGACAO 2;04 - PRODUTOS REVENDA;2026-09-01;120,0;PLANO_REGIONAL;CICLO_SET26_DEZ26;REV1
IRRIGACAO 2-30 - ELETRODUTOS CORRUGADOS KRONA-SET26;IRRIGACAO;IRRIGACAO 2;30 - ELETRODUTOS CORRUGADOS KRONA;2026-09-01;39,0;PLANO_REGIONAL;CICLO_SET26_DEZ26;REV1
IRRIGACAO 2-31 - CPVC ULTRATERM-SET26;IRRIGACAO;IRRIGACAO 2;31 - CPVC ULTRATERM;2026-09-01;0,0;PLANO_REGIONAL;CICLO_SET26_DEZ26;REV1
MINAS GERAIS-00 - TUBOS PVC KRONA-SET26;MINAS RJ/ES;MINAS GERAIS;00 - TUBOS PVC KRONA;2026-09-01;620000,0;PLANO_REGIONAL;CICLO_SET26_DEZ26;REV1
MINAS GERAIS-01 - TUBOS ELETRODUTOS KRONA-SET26;MINAS RJ/ES;MINAS GERAIS;01 - TUBOS ELETRODUTOS KRONA;2026-09-01;11000,0;PLANO_REGIONAL;CICLO_SET26_DEZ26;REV1
MINAS GERAIS-02 - CONEXOES KRONA-SET26;MINAS RJ/ES;MINAS GERAIS;02 - CONEXOES KRONA;2026-09-01;200000,0;PLANO_REGIONAL;CICLO_SET26_DEZ26;REV1
MINAS GERAIS-03 - ACESSORIOS KRONA-SET26;MINAS RJ/ES;MINAS GERAIS;03 - ACESSORIOS KRONA;2026-09-01;59699,0;PLANO_REGIONAL;CICLO_SET26_DEZ26;REV1
MINAS GERAIS-04 - PRODUTOS REVENDA-SET26;MINAS RJ/ES;MINAS GERAIS;04 - PRODUTOS REVENDA;2026-09-01;17500,0;PLANO_REGIONAL;CICLO_SET26_DEZ26;REV1
MINAS GERAIS-29 - PPR-SET26;MINAS RJ/ES;MINAS GERAIS;29 - PPR;2026-09-01;0,0;PLANO_REGIONAL;CICLO_SET26_DEZ26;REV1
MINAS GERAIS-30 - ELETRODUTOS CORRUGADOS KRONA-SET26;MINAS RJ/ES;MINAS GERAIS;30 - ELETRODUTOS CORRUGADOS KRONA;2026-09-01;115000,0;PLANO_REGIONAL;CICLO_SET26_DEZ26;REV1
MINAS GERAIS-31 - CPVC ULTRATERM-SET26;MINAS RJ/ES;MINAS GERAIS;31 - CPVC ULTRATERM;2026-09-01;8076,0;PLANO_REGIONAL;CICLO_SET26_DEZ26;REV1
RJ/ES-00 - TUBOS PVC KRONA-SET26;MINAS RJ/ES;RJ/ES;00 - TUBOS PVC KRONA;2026-09-01;300000,0;PLANO_REGIONAL;CICLO_SET26_DEZ26;REV1
RJ/ES-01 - TUBOS ELETRODUTOS KRONA-SET26;MINAS RJ/ES;RJ/ES;01 - TUBOS ELETRODUTOS KRONA;2026-09-01;1807,0;PLANO_REGIONAL;CICLO_SET26_DEZ26;REV1
RJ/ES-02 - CONEXOES KRONA-SET26;MINAS RJ/ES;RJ/ES;02 - CONEXOES KRONA;2026-09-01;77000,0;PLANO_REGIONAL;CICLO_SET26_DEZ26;REV1
RJ/ES-03 - ACESSORIOS KRONA-SET26;MINAS RJ/ES;RJ/ES;03 - ACESSORIOS KRONA;2026-09-01;20000,0;PLANO_REGIONAL;CICLO_SET26_DEZ26;REV1
RJ/ES-04 - PRODUTOS REVENDA-SET26;MINAS RJ/ES;RJ/ES;04 - PRODUTOS REVENDA;2026-09-01;2600,0;PLANO_REGIONAL;CICLO_SET26_DEZ26;REV1
RJ/ES-29 - PPR-SET26;MINAS RJ/ES;RJ/ES;29 - PPR;2026-09-01;0,0;PLANO_REGIONAL;CICLO_SET26_DEZ26;REV1
RJ/ES-30 - ELETRODUTOS CORRUGADOS KRONA-SET26;MINAS RJ/ES;RJ/ES;30 - ELETRODUTOS CORRUGADOS KRONA;2026-09-01;20000,0;PLANO_REGIONAL;CICLO_SET26_DEZ26;REV1
RJ/ES-31 - CPVC ULTRATERM-SET26;MINAS RJ/ES;RJ/ES;31 - CPVC ULTRATERM;2026-09-01;1800,0;PLANO_REGIONAL;CICLO_SET26_DEZ26;REV1
NORDESTE 1-00 - TUBOS PVC KRONA-SET26;NORDESTE;NORDESTE 1;00 - TUBOS PVC KRONA;2026-09-01;176427,0;PLANO_REGIONAL;CICLO_SET26_DEZ26;REV1
NORDESTE 1-01 - TUBOS ELETRODUTOS KRONA-SET26;NORDESTE;NORDESTE 1;01 - TUBOS ELETRODUTOS KRONA;2026-09-01;10345,0;PLANO_REGIONAL;CICLO_SET26_DEZ26;REV1
NORDESTE 1-02 - CONEXOES KRONA-SET26;NORDESTE;NORDESTE 1;02 - CONEXOES KRONA;2026-09-01;41509,0;PLANO_REGIONAL;CICLO_SET26_DEZ26;REV1
NORDESTE 1-03 - ACESSORIOS KRONA-SET26;NORDESTE;NORDESTE 1;03 - ACESSORIOS KRONA;2026-09-01;7772,0;PLANO_REGIONAL;CICLO_SET26_DEZ26;REV1
NORDESTE 1-04 - PRODUTOS REVENDA-SET26;NORDESTE;NORDESTE 1;04 - PRODUTOS REVENDA;2026-09-01;1363,0;PLANO_REGIONAL;CICLO_SET26_DEZ26;REV1
NORDESTE 1-29 - PPR-SET26;NORDESTE;NORDESTE 1;29 - PPR;2026-09-01;0,0;PLANO_REGIONAL;CICLO_SET26_DEZ26;REV1
NORDESTE 1-30 - ELETRODUTOS CORRUGADOS KRONA-SET26;NORDESTE;NORDESTE 1;30 - ELETRODUTOS CORRUGADOS KRONA;2026-09-01;15948,0;PLANO_REGIONAL;CICLO_SET26_DEZ26;REV1
NORDESTE 1-31 - CPVC ULTRATERM-SET26;NORDESTE;NORDESTE 1;31 - CPVC ULTRATERM;2026-09-01;146,0;PLANO_REGIONAL;CICLO_SET26_DEZ26;REV1
NORDESTE 2-00 - TUBOS PVC KRONA-SET26;NORDESTE;NORDESTE 2;00 - TUBOS PVC KRONA;2026-09-01;1000000,0;PLANO_REGIONAL;CICLO_SET26_DEZ26;REV1
NORDESTE 2-01 - TUBOS ELETRODUTOS KRONA-SET26;NORDESTE;NORDESTE 2;01 - TUBOS ELETRODUTOS KRONA;2026-09-01;38446,0;PLANO_REGIONAL;CICLO_SET26_DEZ26;REV1
NORDESTE 2-02 - CONEXOES KRONA-SET26;NORDESTE;NORDESTE 2;02 - CONEXOES KRONA;2026-09-01;190000,0;PLANO_REGIONAL;CICLO_SET26_DEZ26;REV1
NORDESTE 2-03 - ACESSORIOS KRONA-SET26;NORDESTE;NORDESTE 2;03 - ACESSORIOS KRONA;2026-09-01;30000,0;PLANO_REGIONAL;CICLO_SET26_DEZ26;REV1
NORDESTE 2-04 - PRODUTOS REVENDA-SET26;NORDESTE;NORDESTE 2;04 - PRODUTOS REVENDA;2026-09-01;3000,0;PLANO_REGIONAL;CICLO_SET26_DEZ26;REV1
NORDESTE 2-29 - PPR-SET26;NORDESTE;NORDESTE 2;29 - PPR;2026-09-01;20,0;PLANO_REGIONAL;CICLO_SET26_DEZ26;REV1
NORDESTE 2-30 - ELETRODUTOS CORRUGADOS KRONA-SET26;NORDESTE;NORDESTE 2;30 - ELETRODUTOS CORRUGADOS KRONA;2026-09-01;70000,0;PLANO_REGIONAL;CICLO_SET26_DEZ26;REV1
NORDESTE 2-31 - CPVC ULTRATERM-SET26;NORDESTE;NORDESTE 2;31 - CPVC ULTRATERM;2026-09-01;700,0;PLANO_REGIONAL;CICLO_SET26_DEZ26;REV1
NORDESTE 3-00 - TUBOS PVC KRONA-SET26;NORDESTE;NORDESTE 3;00 - TUBOS PVC KRONA;2026-09-01;822190,38;PLANO_REGIONAL;CICLO_SET26_DEZ26;REV1
NORDESTE 3-01 - TUBOS ELETRODUTOS KRONA-SET26;NORDESTE;NORDESTE 3;01 - TUBOS ELETRODUTOS KRONA;2026-09-01;35503,0;PLANO_REGIONAL;CICLO_SET26_DEZ26;REV1
NORDESTE 3-02 - CONEXOES KRONA-SET26;NORDESTE;NORDESTE 3;02 - CONEXOES KRONA;2026-09-01;153233,58000000002;PLANO_REGIONAL;CICLO_SET26_DEZ26;REV1
NORDESTE 3-03 - ACESSORIOS KRONA-SET26;NORDESTE;NORDESTE 3;03 - ACESSORIOS KRONA;2026-09-01;24842,0;PLANO_REGIONAL;CICLO_SET26_DEZ26;REV1
NORDESTE 3-04 - PRODUTOS REVENDA-SET26;NORDESTE;NORDESTE 3;04 - PRODUTOS REVENDA;2026-09-01;2537,85;PLANO_REGIONAL;CICLO_SET26_DEZ26;REV1
NORDESTE 3-29 - PPR-SET26;NORDESTE;NORDESTE 3;29 - PPR;2026-09-01;27,0;PLANO_REGIONAL;CICLO_SET26_DEZ26;REV1
NORDESTE 3-30 - ELETRODUTOS CORRUGADOS KRONA-SET26;NORDESTE;NORDESTE 3;30 - ELETRODUTOS CORRUGADOS KRONA;2026-09-01;80000,0;PLANO_REGIONAL;CICLO_SET26_DEZ26;REV1
NORDESTE 3-31 - CPVC ULTRATERM-SET26;NORDESTE;NORDESTE 3;31 - CPVC ULTRATERM;2026-09-01;517,0;PLANO_REGIONAL;CICLO_SET26_DEZ26;REV1
SAO PAULO CAPITAL-00 - TUBOS PVC KRONA-SET26;SP;SAO PAULO CAPITAL;00 - TUBOS PVC KRONA;2026-09-01;205479,0;PLANO_REGIONAL;CICLO_SET26_DEZ26;REV1
SAO PAULO CAPITAL-01 - TUBOS ELETRODUTOS KRONA-SET26;SP;SAO PAULO CAPITAL;01 - TUBOS ELETRODUTOS KRONA;2026-09-01;895,0;PLANO_REGIONAL;CICLO_SET26_DEZ26;REV1
SAO PAULO CAPITAL-02 - CONEXOES KRONA-SET26;SP;SAO PAULO CAPITAL;02 - CONEXOES KRONA;2026-09-01;59790,0;PLANO_REGIONAL;CICLO_SET26_DEZ26;REV1
SAO PAULO CAPITAL-03 - ACESSORIOS KRONA-SET26;SP;SAO PAULO CAPITAL;03 - ACESSORIOS KRONA;2026-09-01;9897,0;PLANO_REGIONAL;CICLO_SET26_DEZ26;REV1
SAO PAULO CAPITAL-04 - PRODUTOS REVENDA-SET26;SP;SAO PAULO CAPITAL;04 - PRODUTOS REVENDA;2026-09-01;4417,0;PLANO_REGIONAL;CICLO_SET26_DEZ26;REV1
SAO PAULO CAPITAL-29 - PPR-SET26;SP;SAO PAULO CAPITAL;29 - PPR;2026-09-01;84,0;PLANO_REGIONAL;CICLO_SET26_DEZ26;REV1
SAO PAULO CAPITAL-30 - ELETRODUTOS CORRUGADOS KRONA-SET26;SP;SAO PAULO CAPITAL;30 - ELETRODUTOS CORRUGADOS KRONA;2026-09-01;19107,0;PLANO_REGIONAL;CICLO_SET26_DEZ26;REV1
SAO PAULO CAPITAL-31 - CPVC ULTRATERM-SET26;SP;SAO PAULO CAPITAL;31 - CPVC ULTRATERM;2026-09-01;1075,0;PLANO_REGIONAL;CICLO_SET26_DEZ26;REV1
SAO PAULO CAPITAL 2-00 - TUBOS PVC KRONA-SET26;SP;SAO PAULO CAPITAL 2;00 - TUBOS PVC KRONA;2026-09-01;320000,0;PLANO_REGIONAL;CICLO_SET26_DEZ26;REV1
SAO PAULO CAPITAL 2-01 - TUBOS ELETRODUTOS KRONA-SET26;SP;SAO PAULO CAPITAL 2;01 - TUBOS ELETRODUTOS KRONA;2026-09-01;150,0;PLANO_REGIONAL;CICLO_SET26_DEZ26;REV1
SAO PAULO CAPITAL 2-02 - CONEXOES KRONA-SET26;SP;SAO PAULO CAPITAL 2;02 - CONEXOES KRONA;2026-09-01;100000,0;PLANO_REGIONAL;CICLO_SET26_DEZ26;REV1
SAO PAULO CAPITAL 2-03 - ACESSORIOS KRONA-SET26;SP;SAO PAULO CAPITAL 2;03 - ACESSORIOS KRONA;2026-09-01;14150,0;PLANO_REGIONAL;CICLO_SET26_DEZ26;REV1
SAO PAULO CAPITAL 2-04 - PRODUTOS REVENDA-SET26;SP;SAO PAULO CAPITAL 2;04 - PRODUTOS REVENDA;2026-09-01;5500,0;PLANO_REGIONAL;CICLO_SET26_DEZ26;REV1
SAO PAULO CAPITAL 2-30 - ELETRODUTOS CORRUGADOS KRONA-SET26;SP;SAO PAULO CAPITAL 2;30 - ELETRODUTOS CORRUGADOS KRONA;2026-09-01;15000,0;PLANO_REGIONAL;CICLO_SET26_DEZ26;REV1
SAO PAULO CAPITAL 2-31 - CPVC ULTRATERM-SET26;SP;SAO PAULO CAPITAL 2;31 - CPVC ULTRATERM;2026-09-01;1677,0;PLANO_REGIONAL;CICLO_SET26_DEZ26;REV1
SAO PAULO INTERIOR-00 - TUBOS PVC KRONA-SET26;SP;SAO PAULO INTERIOR;00 - TUBOS PVC KRONA;2026-09-01;386979,0;PLANO_REGIONAL;CICLO_SET26_DEZ26;REV1
SAO PAULO INTERIOR-01 - TUBOS ELETRODUTOS KRONA-SET26;SP;SAO PAULO INTERIOR;01 - TUBOS ELETRODUTOS KRONA;2026-09-01;496,0;PLANO_REGIONAL;CICLO_SET26_DEZ26;REV1
SAO PAULO INTERIOR-02 - CONEXOES KRONA-SET26;SP;SAO PAULO INTERIOR;02 - CONEXOES KRONA;2026-09-01;76938,0;PLANO_REGIONAL;CICLO_SET26_DEZ26;REV1
SAO PAULO INTERIOR-03 - ACESSORIOS KRONA-SET26;SP;SAO PAULO INTERIOR;03 - ACESSORIOS KRONA;2026-09-01;10350,0;PLANO_REGIONAL;CICLO_SET26_DEZ26;REV1
SAO PAULO INTERIOR-04 - PRODUTOS REVENDA-SET26;SP;SAO PAULO INTERIOR;04 - PRODUTOS REVENDA;2026-09-01;5149,0;PLANO_REGIONAL;CICLO_SET26_DEZ26;REV1
SAO PAULO INTERIOR-29 - PPR-SET26;SP;SAO PAULO INTERIOR;29 - PPR;2026-09-01;33,0;PLANO_REGIONAL;CICLO_SET26_DEZ26;REV1
SAO PAULO INTERIOR-30 - ELETRODUTOS CORRUGADOS KRONA-SET26;SP;SAO PAULO INTERIOR;30 - ELETRODUTOS CORRUGADOS KRONA;2026-09-01;23630,0;PLANO_REGIONAL;CICLO_SET26_DEZ26;REV1
SAO PAULO INTERIOR-31 - CPVC ULTRATERM-SET26;SP;SAO PAULO INTERIOR;31 - CPVC ULTRATERM;2026-09-01;3574,0;PLANO_REGIONAL;CICLO_SET26_DEZ26;REV1
PARANA-00 - TUBOS PVC KRONA-SET26;SUL;PARANA;00 - TUBOS PVC KRONA;2026-09-01;186168,0;PLANO_REGIONAL;CICLO_SET26_DEZ26;REV1
PARANA-01 - TUBOS ELETRODUTOS KRONA-SET26;SUL;PARANA;01 - TUBOS ELETRODUTOS KRONA;2026-09-01;486,0;PLANO_REGIONAL;CICLO_SET26_DEZ26;REV1
PARANA-02 - CONEXOES KRONA-SET26;SUL;PARANA;02 - CONEXOES KRONA;2026-09-01;46065,0;PLANO_REGIONAL;CICLO_SET26_DEZ26;REV1
PARANA-03 - ACESSORIOS KRONA-SET26;SUL;PARANA;03 - ACESSORIOS KRONA;2026-09-01;5718,0;PLANO_REGIONAL;CICLO_SET26_DEZ26;REV1
PARANA-04 - PRODUTOS REVENDA-SET26;SUL;PARANA;04 - PRODUTOS REVENDA;2026-09-01;2938,0;PLANO_REGIONAL;CICLO_SET26_DEZ26;REV1
PARANA-29 - PPR-SET26;SUL;PARANA;29 - PPR;2026-09-01;166,0;PLANO_REGIONAL;CICLO_SET26_DEZ26;REV1
PARANA-30 - ELETRODUTOS CORRUGADOS KRONA-SET26;SUL;PARANA;30 - ELETRODUTOS CORRUGADOS KRONA;2026-09-01;24614,0;PLANO_REGIONAL;CICLO_SET26_DEZ26;REV1
PARANA-31 - CPVC ULTRATERM-SET26;SUL;PARANA;31 - CPVC ULTRATERM;2026-09-01;1023,0;PLANO_REGIONAL;CICLO_SET26_DEZ26;REV1
RIO GRANDE DO SUL-00 - TUBOS PVC KRONA-SET26;SUL;RIO GRANDE DO SUL;00 - TUBOS PVC KRONA;2026-09-01;320000,0;PLANO_REGIONAL;CICLO_SET26_DEZ26;REV1
RIO GRANDE DO SUL-01 - TUBOS ELETRODUTOS KRONA-SET26;SUL;RIO GRANDE DO SUL;01 - TUBOS ELETRODUTOS KRONA;2026-09-01;2000,0;PLANO_REGIONAL;CICLO_SET26_DEZ26;REV1
RIO GRANDE DO SUL-02 - CONEXOES KRONA-SET26;SUL;RIO GRANDE DO SUL;02 - CONEXOES KRONA;2026-09-01;75000,0;PLANO_REGIONAL;CICLO_SET26_DEZ26;REV1
RIO GRANDE DO SUL-03 - ACESSORIOS KRONA-SET26;SUL;RIO GRANDE DO SUL;03 - ACESSORIOS KRONA;2026-09-01;11000,0;PLANO_REGIONAL;CICLO_SET26_DEZ26;REV1
RIO GRANDE DO SUL-04 - PRODUTOS REVENDA-SET26;SUL;RIO GRANDE DO SUL;04 - PRODUTOS REVENDA;2026-09-01;5305,0;PLANO_REGIONAL;CICLO_SET26_DEZ26;REV1
RIO GRANDE DO SUL-29 - PPR-SET26;SUL;RIO GRANDE DO SUL;29 - PPR;2026-09-01;1912,0;PLANO_REGIONAL;CICLO_SET26_DEZ26;REV1
RIO GRANDE DO SUL-30 - ELETRODUTOS CORRUGADOS KRONA-SET26;SUL;RIO GRANDE DO SUL;30 - ELETRODUTOS CORRUGADOS KRONA;2026-09-01;21175,0;PLANO_REGIONAL;CICLO_SET26_DEZ26;REV1
RIO GRANDE DO SUL-31 - CPVC ULTRATERM-SET26;SUL;RIO GRANDE DO SUL;31 - CPVC ULTRATERM;2026-09-01;2100,0;PLANO_REGIONAL;CICLO_SET26_DEZ26;REV1
SANTA CATARINA 01-00 - TUBOS PVC KRONA-SET26;SUL;SANTA CATARINA 01;00 - TUBOS PVC KRONA;2026-09-01;140000,0;PLANO_REGIONAL;CICLO_SET26_DEZ26;REV1
SANTA CATARINA 01-01 - TUBOS ELETRODUTOS KRONA-SET26;SUL;SANTA CATARINA 01;01 - TUBOS ELETRODUTOS KRONA;2026-09-01;350,0;PLANO_REGIONAL;CICLO_SET26_DEZ26;REV1
SANTA CATARINA 01-02 - CONEXOES KRONA-SET26;SUL;SANTA CATARINA 01;02 - CONEXOES KRONA;2026-09-01;30000,0;PLANO_REGIONAL;CICLO_SET26_DEZ26;REV1
SANTA CATARINA 01-03 - ACESSORIOS KRONA-SET26;SUL;SANTA CATARINA 01;03 - ACESSORIOS KRONA;2026-09-01;2652,0;PLANO_REGIONAL;CICLO_SET26_DEZ26;REV1
SANTA CATARINA 01-04 - PRODUTOS REVENDA-SET26;SUL;SANTA CATARINA 01;04 - PRODUTOS REVENDA;2026-09-01;2586,0;PLANO_REGIONAL;CICLO_SET26_DEZ26;REV1
SANTA CATARINA 01-29 - PPR-SET26;SUL;SANTA CATARINA 01;29 - PPR;2026-09-01;1175,0;PLANO_REGIONAL;CICLO_SET26_DEZ26;REV1
SANTA CATARINA 01-30 - ELETRODUTOS CORRUGADOS KRONA-SET26;SUL;SANTA CATARINA 01;30 - ELETRODUTOS CORRUGADOS KRONA;2026-09-01;8861,990933858995;PLANO_REGIONAL;CICLO_SET26_DEZ26;REV1
SANTA CATARINA 01-31 - CPVC ULTRATERM-SET26;SUL;SANTA CATARINA 01;31 - CPVC ULTRATERM;2026-09-01;930,0;PLANO_REGIONAL;CICLO_SET26_DEZ26;REV1
SANTA CATARINA 02-00 - TUBOS PVC KRONA-SET26;SUL;SANTA CATARINA 02;00 - TUBOS PVC KRONA;2026-09-01;210000,0;PLANO_REGIONAL;CICLO_SET26_DEZ26;REV1
SANTA CATARINA 02-01 - TUBOS ELETRODUTOS KRONA-SET26;SUL;SANTA CATARINA 02;01 - TUBOS ELETRODUTOS KRONA;2026-09-01;478,5068670696413;PLANO_REGIONAL;CICLO_SET26_DEZ26;REV1
SANTA CATARINA 02-02 - CONEXOES KRONA-SET26;SUL;SANTA CATARINA 02;02 - CONEXOES KRONA;2026-09-01;48000,0;PLANO_REGIONAL;CICLO_SET26_DEZ26;REV1
SANTA CATARINA 02-03 - ACESSORIOS KRONA-SET26;SUL;SANTA CATARINA 02;03 - ACESSORIOS KRONA;2026-09-01;3500,0;PLANO_REGIONAL;CICLO_SET26_DEZ26;REV1
SANTA CATARINA 02-04 - PRODUTOS REVENDA-SET26;SUL;SANTA CATARINA 02;04 - PRODUTOS REVENDA;2026-09-01;3080,0;PLANO_REGIONAL;CICLO_SET26_DEZ26;REV1
SANTA CATARINA 02-29 - PPR-SET26;SUL;SANTA CATARINA 02;29 - PPR;2026-09-01;887,0;PLANO_REGIONAL;CICLO_SET26_DEZ26;REV1
SANTA CATARINA 02-30 - ELETRODUTOS CORRUGADOS KRONA-SET26;SUL;SANTA CATARINA 02;30 - ELETRODUTOS CORRUGADOS KRONA;2026-09-01;13489,524156613592;PLANO_REGIONAL;CICLO_SET26_DEZ26;REV1
SANTA CATARINA 02-31 - CPVC ULTRATERM-SET26;SUL;SANTA CATARINA 02;31 - CPVC ULTRATERM;2026-09-01;1836,0;PLANO_REGIONAL;CICLO_SET26_DEZ26;REV1
TELEVENDAS-00 - TUBOS PVC KRONA-SET26;TELEVENDAS;TELEVENDAS;00 - TUBOS PVC KRONA;2026-09-01;90000,0;PLANO_REGIONAL;CICLO_SET26_DEZ26;REV1
TELEVENDAS-01 - TUBOS ELETRODUTOS KRONA-SET26;TELEVENDAS;TELEVENDAS;01 - TUBOS ELETRODUTOS KRONA;2026-09-01;2200,0;PLANO_REGIONAL;CICLO_SET26_DEZ26;REV1
TELEVENDAS-02 - CONEXOES KRONA-SET26;TELEVENDAS;TELEVENDAS;02 - CONEXOES KRONA;2026-09-01;25300,0;PLANO_REGIONAL;CICLO_SET26_DEZ26;REV1
TELEVENDAS-03 - ACESSORIOS KRONA-SET26;TELEVENDAS;TELEVENDAS;03 - ACESSORIOS KRONA;2026-09-01;3419,0;PLANO_REGIONAL;CICLO_SET26_DEZ26;REV1
TELEVENDAS-04 - PRODUTOS REVENDA-SET26;TELEVENDAS;TELEVENDAS;04 - PRODUTOS REVENDA;2026-09-01;1397,0;PLANO_REGIONAL;CICLO_SET26_DEZ26;REV1
TELEVENDAS-29 - PPR-SET26;TELEVENDAS;TELEVENDAS;29 - PPR;2026-09-01;100,0;PLANO_REGIONAL;CICLO_SET26_DEZ26;REV1
TELEVENDAS-30 - ELETRODUTOS CORRUGADOS KRONA-SET26;TELEVENDAS;TELEVENDAS;30 - ELETRODUTOS CORRUGADOS KRONA;2026-09-01;6903,0;PLANO_REGIONAL;CICLO_SET26_DEZ26;REV1
TELEVENDAS-31 - CPVC ULTRATERM-SET26;TELEVENDAS;TELEVENDAS;31 - CPVC ULTRATERM;2026-09-01;506,0;PLANO_REGIONAL;CICLO_SET26_DEZ26;REV1
CENTRO OESTE-00 - TUBOS PVC KRONA-OUT26;CO NO;CENTRO OESTE;00 - TUBOS PVC KRONA;2026-10-01;880551,0;PLANO_REGIONAL;CICLO_SET26_DEZ26;REV1
CENTRO OESTE-01 - TUBOS ELETRODUTOS KRONA-OUT26;CO NO;CENTRO OESTE;01 - TUBOS ELETRODUTOS KRONA;2026-10-01;6390,0;PLANO_REGIONAL;CICLO_SET26_DEZ26;REV1
CENTRO OESTE-02 - CONEXOES KRONA-OUT26;CO NO;CENTRO OESTE;02 - CONEXOES KRONA;2026-10-01;195164,0;PLANO_REGIONAL;CICLO_SET26_DEZ26;REV1
CENTRO OESTE-03 - ACESSORIOS KRONA-OUT26;CO NO;CENTRO OESTE;03 - ACESSORIOS KRONA;2026-10-01;35990,0;PLANO_REGIONAL;CICLO_SET26_DEZ26;REV1
CENTRO OESTE-04 - PRODUTOS REVENDA-OUT26;CO NO;CENTRO OESTE;04 - PRODUTOS REVENDA;2026-10-01;12117,0;PLANO_REGIONAL;CICLO_SET26_DEZ26;REV1
CENTRO OESTE-29 - PPR-OUT26;CO NO;CENTRO OESTE;29 - PPR;2026-10-01;0,0;PLANO_REGIONAL;CICLO_SET26_DEZ26;REV1
CENTRO OESTE-30 - ELETRODUTOS CORRUGADOS KRONA-OUT26;CO NO;CENTRO OESTE;30 - ELETRODUTOS CORRUGADOS KRONA;2026-10-01;94114,0;PLANO_REGIONAL;CICLO_SET26_DEZ26;REV1
CENTRO OESTE-31 - CPVC ULTRATERM-OUT26;CO NO;CENTRO OESTE;31 - CPVC ULTRATERM;2026-10-01;4448,0;PLANO_REGIONAL;CICLO_SET26_DEZ26;REV1
NORTE-00 - TUBOS PVC KRONA-OUT26;CO NO;NORTE;00 - TUBOS PVC KRONA;2026-10-01;360820,0;PLANO_REGIONAL;CICLO_SET26_DEZ26;REV1
NORTE-01 - TUBOS ELETRODUTOS KRONA-OUT26;CO NO;NORTE;01 - TUBOS ELETRODUTOS KRONA;2026-10-01;8963,0;PLANO_REGIONAL;CICLO_SET26_DEZ26;REV1
NORTE-02 - CONEXOES KRONA-OUT26;CO NO;NORTE;02 - CONEXOES KRONA;2026-10-01;99021,0;PLANO_REGIONAL;CICLO_SET26_DEZ26;REV1
NORTE-03 - ACESSORIOS KRONA-OUT26;CO NO;NORTE;03 - ACESSORIOS KRONA;2026-10-01;12700,0;PLANO_REGIONAL;CICLO_SET26_DEZ26;REV1
NORTE-04 - PRODUTOS REVENDA-OUT26;CO NO;NORTE;04 - PRODUTOS REVENDA;2026-10-01;2341,0;PLANO_REGIONAL;CICLO_SET26_DEZ26;REV1
NORTE-29 - PPR-OUT26;CO NO;NORTE;29 - PPR;2026-10-01;0,0;PLANO_REGIONAL;CICLO_SET26_DEZ26;REV1
NORTE-30 - ELETRODUTOS CORRUGADOS KRONA-OUT26;CO NO;NORTE;30 - ELETRODUTOS CORRUGADOS KRONA;2026-10-01;20710,0;PLANO_REGIONAL;CICLO_SET26_DEZ26;REV1
NORTE-31 - CPVC ULTRATERM-OUT26;CO NO;NORTE;31 - CPVC ULTRATERM;2026-10-01;217,0;PLANO_REGIONAL;CICLO_SET26_DEZ26;REV1
CONSTRUTORA 1-00 - TUBOS PVC KRONA-OUT26;CONSTRUTORA;CONSTRUTORA 1;00 - TUBOS PVC KRONA;2026-10-01;438250,3830413512;PLANO_REGIONAL;CICLO_SET26_DEZ26;REV1
CONSTRUTORA 1-01 - TUBOS ELETRODUTOS KRONA-OUT26;CONSTRUTORA;CONSTRUTORA 1;01 - TUBOS ELETRODUTOS KRONA;2026-10-01;7809,0;PLANO_REGIONAL;CICLO_SET26_DEZ26;REV1
CONSTRUTORA 1-02 - CONEXOES KRONA-OUT26;CONSTRUTORA;CONSTRUTORA 1;02 - CONEXOES KRONA;2026-10-01;79834,23836950732;PLANO_REGIONAL;CICLO_SET26_DEZ26;REV1
CONSTRUTORA 1-03 - ACESSORIOS KRONA-OUT26;CONSTRUTORA;CONSTRUTORA 1;03 - ACESSORIOS KRONA;2026-10-01;2306,0;PLANO_REGIONAL;CICLO_SET26_DEZ26;REV1
CONSTRUTORA 1-04 - PRODUTOS REVENDA-OUT26;CONSTRUTORA;CONSTRUTORA 1;04 - PRODUTOS REVENDA;2026-10-01;9384,318551084774;PLANO_REGIONAL;CICLO_SET26_DEZ26;REV1
CONSTRUTORA 1-29 - PPR-OUT26;CONSTRUTORA;CONSTRUTORA 1;29 - PPR;2026-10-01;7446,354657512872;PLANO_REGIONAL;CICLO_SET26_DEZ26;REV1
CONSTRUTORA 1-30 - ELETRODUTOS CORRUGADOS KRONA-OUT26;CONSTRUTORA;CONSTRUTORA 1;30 - ELETRODUTOS CORRUGADOS KRONA;2026-10-01;110392,2976674479;PLANO_REGIONAL;CICLO_SET26_DEZ26;REV1
CONSTRUTORA 1-31 - CPVC ULTRATERM-OUT26;CONSTRUTORA;CONSTRUTORA 1;31 - CPVC ULTRATERM;2026-10-01;6015,103370278217;PLANO_REGIONAL;CICLO_SET26_DEZ26;REV1
CONSTRUTORA 2-00 - TUBOS PVC KRONA-OUT26;CONSTRUTORA;CONSTRUTORA 2;00 - TUBOS PVC KRONA;2026-10-01;683177,6169586488;PLANO_REGIONAL;CICLO_SET26_DEZ26;REV1
CONSTRUTORA 2-01 - TUBOS ELETRODUTOS KRONA-OUT26;CONSTRUTORA;CONSTRUTORA 2;01 - TUBOS ELETRODUTOS KRONA;2026-10-01;32442,0;PLANO_REGIONAL;CICLO_SET26_DEZ26;REV1
CONSTRUTORA 2-02 - CONEXOES KRONA-OUT26;CONSTRUTORA;CONSTRUTORA 2;02 - CONEXOES KRONA;2026-10-01;110165,76163049266;PLANO_REGIONAL;CICLO_SET26_DEZ26;REV1
CONSTRUTORA 2-03 - ACESSORIOS KRONA-OUT26;CONSTRUTORA;CONSTRUTORA 2;03 - ACESSORIOS KRONA;2026-10-01;4200,0;PLANO_REGIONAL;CICLO_SET26_DEZ26;REV1
CONSTRUTORA 2-04 - PRODUTOS REVENDA-OUT26;CONSTRUTORA;CONSTRUTORA 2;04 - PRODUTOS REVENDA;2026-10-01;13058,681448915226;PLANO_REGIONAL;CICLO_SET26_DEZ26;REV1
CONSTRUTORA 2-29 - PPR-OUT26;CONSTRUTORA;CONSTRUTORA 2;29 - PPR;2026-10-01;7335,645342487128;PLANO_REGIONAL;CICLO_SET26_DEZ26;REV1
CONSTRUTORA 2-30 - ELETRODUTOS CORRUGADOS KRONA-OUT26;CONSTRUTORA;CONSTRUTORA 2;30 - ELETRODUTOS CORRUGADOS KRONA;2026-10-01;108989,7023325521;PLANO_REGIONAL;CICLO_SET26_DEZ26;REV1
CONSTRUTORA 2-31 - CPVC ULTRATERM-OUT26;CONSTRUTORA;CONSTRUTORA 2;31 - CPVC ULTRATERM;2026-10-01;4165,896629721782;PLANO_REGIONAL;CICLO_SET26_DEZ26;REV1
EXPORTACAO-00 - TUBOS PVC KRONA-OUT26;EXPORTACAO;EXPORTACAO;00 - TUBOS PVC KRONA;2026-10-01;15000,0;PLANO_REGIONAL;CICLO_SET26_DEZ26;REV1
EXPORTACAO-01 - TUBOS ELETRODUTOS KRONA-OUT26;EXPORTACAO;EXPORTACAO;01 - TUBOS ELETRODUTOS KRONA;2026-10-01;46,0;PLANO_REGIONAL;CICLO_SET26_DEZ26;REV1
EXPORTACAO-02 - CONEXOES KRONA-OUT26;EXPORTACAO;EXPORTACAO;02 - CONEXOES KRONA;2026-10-01;65310,0;PLANO_REGIONAL;CICLO_SET26_DEZ26;REV1
EXPORTACAO-03 - ACESSORIOS KRONA-OUT26;EXPORTACAO;EXPORTACAO;03 - ACESSORIOS KRONA;2026-10-01;10733,0;PLANO_REGIONAL;CICLO_SET26_DEZ26;REV1
EXPORTACAO-04 - PRODUTOS REVENDA-OUT26;EXPORTACAO;EXPORTACAO;04 - PRODUTOS REVENDA;2026-10-01;391,0;PLANO_REGIONAL;CICLO_SET26_DEZ26;REV1
EXPORTACAO-30 - ELETRODUTOS CORRUGADOS KRONA-OUT26;EXPORTACAO;EXPORTACAO;30 - ELETRODUTOS CORRUGADOS KRONA;2026-10-01;1000,0;PLANO_REGIONAL;CICLO_SET26_DEZ26;REV1
EXPORTACAO-31 - CPVC ULTRATERM-OUT26;EXPORTACAO;EXPORTACAO;31 - CPVC ULTRATERM;2026-10-01;0,0;PLANO_REGIONAL;CICLO_SET26_DEZ26;REV1
IRRIGACAO 1-00 - TUBOS PVC KRONA-OUT26;IRRIGACAO;IRRIGACAO 1;00 - TUBOS PVC KRONA;2026-10-01;9500,0;PLANO_REGIONAL;CICLO_SET26_DEZ26;REV1
IRRIGACAO 1-01 - TUBOS ELETRODUTOS KRONA-OUT26;IRRIGACAO;IRRIGACAO 1;01 - TUBOS ELETRODUTOS KRONA;2026-10-01;60,0;PLANO_REGIONAL;CICLO_SET26_DEZ26;REV1
IRRIGACAO 1-02 - CONEXOES KRONA-OUT26;IRRIGACAO;IRRIGACAO 1;02 - CONEXOES KRONA;2026-10-01;3965,0;PLANO_REGIONAL;CICLO_SET26_DEZ26;REV1
IRRIGACAO 1-03 - ACESSORIOS KRONA-OUT26;IRRIGACAO;IRRIGACAO 1;03 - ACESSORIOS KRONA;2026-10-01;81,0;PLANO_REGIONAL;CICLO_SET26_DEZ26;REV1
IRRIGACAO 1-04 - PRODUTOS REVENDA-OUT26;IRRIGACAO;IRRIGACAO 1;04 - PRODUTOS REVENDA;2026-10-01;170,0;PLANO_REGIONAL;CICLO_SET26_DEZ26;REV1
IRRIGACAO 1-29 - PPR-OUT26;IRRIGACAO;IRRIGACAO 1;29 - PPR;2026-10-01;0,0;PLANO_REGIONAL;CICLO_SET26_DEZ26;REV1
IRRIGACAO 1-30 - ELETRODUTOS CORRUGADOS KRONA-OUT26;IRRIGACAO;IRRIGACAO 1;30 - ELETRODUTOS CORRUGADOS KRONA;2026-10-01;40,0;PLANO_REGIONAL;CICLO_SET26_DEZ26;REV1
IRRIGACAO 1-31 - CPVC ULTRATERM-OUT26;IRRIGACAO;IRRIGACAO 1;31 - CPVC ULTRATERM;2026-10-01;0,0;PLANO_REGIONAL;CICLO_SET26_DEZ26;REV1
IRRIGACAO 2-00 - TUBOS PVC KRONA-OUT26;IRRIGACAO;IRRIGACAO 2;00 - TUBOS PVC KRONA;2026-10-01;4370,0;PLANO_REGIONAL;CICLO_SET26_DEZ26;REV1
IRRIGACAO 2-01 - TUBOS ELETRODUTOS KRONA-OUT26;IRRIGACAO;IRRIGACAO 2;01 - TUBOS ELETRODUTOS KRONA;2026-10-01;161,0;PLANO_REGIONAL;CICLO_SET26_DEZ26;REV1
IRRIGACAO 2-02 - CONEXOES KRONA-OUT26;IRRIGACAO;IRRIGACAO 2;02 - CONEXOES KRONA;2026-10-01;3574,0;PLANO_REGIONAL;CICLO_SET26_DEZ26;REV1
IRRIGACAO 2-03 - ACESSORIOS KRONA-OUT26;IRRIGACAO;IRRIGACAO 2;03 - ACESSORIOS KRONA;2026-10-01;69,0;PLANO_REGIONAL;CICLO_SET26_DEZ26;REV1
IRRIGACAO 2-04 - PRODUTOS REVENDA-OUT26;IRRIGACAO;IRRIGACAO 2;04 - PRODUTOS REVENDA;2026-10-01;94,0;PLANO_REGIONAL;CICLO_SET26_DEZ26;REV1
IRRIGACAO 2-30 - ELETRODUTOS CORRUGADOS KRONA-OUT26;IRRIGACAO;IRRIGACAO 2;30 - ELETRODUTOS CORRUGADOS KRONA;2026-10-01;47,0;PLANO_REGIONAL;CICLO_SET26_DEZ26;REV1
IRRIGACAO 2-31 - CPVC ULTRATERM-OUT26;IRRIGACAO;IRRIGACAO 2;31 - CPVC ULTRATERM;2026-10-01;0,0;PLANO_REGIONAL;CICLO_SET26_DEZ26;REV1
MINAS GERAIS-00 - TUBOS PVC KRONA-OUT26;MINAS RJ/ES;MINAS GERAIS;00 - TUBOS PVC KRONA;2026-10-01;450000,0;PLANO_REGIONAL;CICLO_SET26_DEZ26;REV1
MINAS GERAIS-01 - TUBOS ELETRODUTOS KRONA-OUT26;MINAS RJ/ES;MINAS GERAIS;01 - TUBOS ELETRODUTOS KRONA;2026-10-01;10000,0;PLANO_REGIONAL;CICLO_SET26_DEZ26;REV1
MINAS GERAIS-02 - CONEXOES KRONA-OUT26;MINAS RJ/ES;MINAS GERAIS;02 - CONEXOES KRONA;2026-10-01;190000,0;PLANO_REGIONAL;CICLO_SET26_DEZ26;REV1
MINAS GERAIS-03 - ACESSORIOS KRONA-OUT26;MINAS RJ/ES;MINAS GERAIS;03 - ACESSORIOS KRONA;2026-10-01;45000,0;PLANO_REGIONAL;CICLO_SET26_DEZ26;REV1
MINAS GERAIS-04 - PRODUTOS REVENDA-OUT26;MINAS RJ/ES;MINAS GERAIS;04 - PRODUTOS REVENDA;2026-10-01;11600,0;PLANO_REGIONAL;CICLO_SET26_DEZ26;REV1
MINAS GERAIS-29 - PPR-OUT26;MINAS RJ/ES;MINAS GERAIS;29 - PPR;2026-10-01;0,0;PLANO_REGIONAL;CICLO_SET26_DEZ26;REV1
MINAS GERAIS-30 - ELETRODUTOS CORRUGADOS KRONA-OUT26;MINAS RJ/ES;MINAS GERAIS;30 - ELETRODUTOS CORRUGADOS KRONA;2026-10-01;90000,0;PLANO_REGIONAL;CICLO_SET26_DEZ26;REV1
MINAS GERAIS-31 - CPVC ULTRATERM-OUT26;MINAS RJ/ES;MINAS GERAIS;31 - CPVC ULTRATERM;2026-10-01;10000,0;PLANO_REGIONAL;CICLO_SET26_DEZ26;REV1
RJ/ES-00 - TUBOS PVC KRONA-OUT26;MINAS RJ/ES;RJ/ES;00 - TUBOS PVC KRONA;2026-10-01;296682,0;PLANO_REGIONAL;CICLO_SET26_DEZ26;REV1
RJ/ES-01 - TUBOS ELETRODUTOS KRONA-OUT26;MINAS RJ/ES;RJ/ES;01 - TUBOS ELETRODUTOS KRONA;2026-10-01;1719,0;PLANO_REGIONAL;CICLO_SET26_DEZ26;REV1
RJ/ES-02 - CONEXOES KRONA-OUT26;MINAS RJ/ES;RJ/ES;02 - CONEXOES KRONA;2026-10-01;77000,0;PLANO_REGIONAL;CICLO_SET26_DEZ26;REV1
RJ/ES-03 - ACESSORIOS KRONA-OUT26;MINAS RJ/ES;RJ/ES;03 - ACESSORIOS KRONA;2026-10-01;19924,0;PLANO_REGIONAL;CICLO_SET26_DEZ26;REV1
RJ/ES-04 - PRODUTOS REVENDA-OUT26;MINAS RJ/ES;RJ/ES;04 - PRODUTOS REVENDA;2026-10-01;2526,0;PLANO_REGIONAL;CICLO_SET26_DEZ26;REV1
RJ/ES-29 - PPR-OUT26;MINAS RJ/ES;RJ/ES;29 - PPR;2026-10-01;0,0;PLANO_REGIONAL;CICLO_SET26_DEZ26;REV1
RJ/ES-30 - ELETRODUTOS CORRUGADOS KRONA-OUT26;MINAS RJ/ES;RJ/ES;30 - ELETRODUTOS CORRUGADOS KRONA;2026-10-01;20000,0;PLANO_REGIONAL;CICLO_SET26_DEZ26;REV1
RJ/ES-31 - CPVC ULTRATERM-OUT26;MINAS RJ/ES;RJ/ES;31 - CPVC ULTRATERM;2026-10-01;1735,0;PLANO_REGIONAL;CICLO_SET26_DEZ26;REV1
NORDESTE 1-00 - TUBOS PVC KRONA-OUT26;NORDESTE;NORDESTE 1;00 - TUBOS PVC KRONA;2026-10-01;254123,0;PLANO_REGIONAL;CICLO_SET26_DEZ26;REV1
NORDESTE 1-01 - TUBOS ELETRODUTOS KRONA-OUT26;NORDESTE;NORDESTE 1;01 - TUBOS ELETRODUTOS KRONA;2026-10-01;14577,0;PLANO_REGIONAL;CICLO_SET26_DEZ26;REV1
NORDESTE 1-02 - CONEXOES KRONA-OUT26;NORDESTE;NORDESTE 1;02 - CONEXOES KRONA;2026-10-01;72920,0;PLANO_REGIONAL;CICLO_SET26_DEZ26;REV1
NORDESTE 1-03 - ACESSORIOS KRONA-OUT26;NORDESTE;NORDESTE 1;03 - ACESSORIOS KRONA;2026-10-01;13437,0;PLANO_REGIONAL;CICLO_SET26_DEZ26;REV1
NORDESTE 1-04 - PRODUTOS REVENDA-OUT26;NORDESTE;NORDESTE 1;04 - PRODUTOS REVENDA;2026-10-01;2290,0;PLANO_REGIONAL;CICLO_SET26_DEZ26;REV1
NORDESTE 1-29 - PPR-OUT26;NORDESTE;NORDESTE 1;29 - PPR;2026-10-01;0,0;PLANO_REGIONAL;CICLO_SET26_DEZ26;REV1
NORDESTE 1-30 - ELETRODUTOS CORRUGADOS KRONA-OUT26;NORDESTE;NORDESTE 1;30 - ELETRODUTOS CORRUGADOS KRONA;2026-10-01;24000,0;PLANO_REGIONAL;CICLO_SET26_DEZ26;REV1
NORDESTE 1-31 - CPVC ULTRATERM-OUT26;NORDESTE;NORDESTE 1;31 - CPVC ULTRATERM;2026-10-01;267,0;PLANO_REGIONAL;CICLO_SET26_DEZ26;REV1
NORDESTE 2-00 - TUBOS PVC KRONA-OUT26;NORDESTE;NORDESTE 2;00 - TUBOS PVC KRONA;2026-10-01;1100000,0;PLANO_REGIONAL;CICLO_SET26_DEZ26;REV1
NORDESTE 2-01 - TUBOS ELETRODUTOS KRONA-OUT26;NORDESTE;NORDESTE 2;01 - TUBOS ELETRODUTOS KRONA;2026-10-01;38160,0;PLANO_REGIONAL;CICLO_SET26_DEZ26;REV1
NORDESTE 2-02 - CONEXOES KRONA-OUT26;NORDESTE;NORDESTE 2;02 - CONEXOES KRONA;2026-10-01;200000,0;PLANO_REGIONAL;CICLO_SET26_DEZ26;REV1
NORDESTE 2-03 - ACESSORIOS KRONA-OUT26;NORDESTE;NORDESTE 2;03 - ACESSORIOS KRONA;2026-10-01;32000,0;PLANO_REGIONAL;CICLO_SET26_DEZ26;REV1
NORDESTE 2-04 - PRODUTOS REVENDA-OUT26;NORDESTE;NORDESTE 2;04 - PRODUTOS REVENDA;2026-10-01;3538,0;PLANO_REGIONAL;CICLO_SET26_DEZ26;REV1
NORDESTE 2-29 - PPR-OUT26;NORDESTE;NORDESTE 2;29 - PPR;2026-10-01;20,0;PLANO_REGIONAL;CICLO_SET26_DEZ26;REV1
NORDESTE 2-30 - ELETRODUTOS CORRUGADOS KRONA-OUT26;NORDESTE;NORDESTE 2;30 - ELETRODUTOS CORRUGADOS KRONA;2026-10-01;70000,0;PLANO_REGIONAL;CICLO_SET26_DEZ26;REV1
NORDESTE 2-31 - CPVC ULTRATERM-OUT26;NORDESTE;NORDESTE 2;31 - CPVC ULTRATERM;2026-10-01;700,0;PLANO_REGIONAL;CICLO_SET26_DEZ26;REV1
NORDESTE 3-00 - TUBOS PVC KRONA-OUT26;NORDESTE;NORDESTE 3;00 - TUBOS PVC KRONA;2026-10-01;1024677,6000000001;PLANO_REGIONAL;CICLO_SET26_DEZ26;REV1
NORDESTE 3-01 - TUBOS ELETRODUTOS KRONA-OUT26;NORDESTE;NORDESTE 3;01 - TUBOS ELETRODUTOS KRONA;2026-10-01;46153,600000000006;PLANO_REGIONAL;CICLO_SET26_DEZ26;REV1
NORDESTE 3-02 - CONEXOES KRONA-OUT26;NORDESTE;NORDESTE 3;02 - CONEXOES KRONA;2026-10-01;195298,40000000002;PLANO_REGIONAL;CICLO_SET26_DEZ26;REV1
NORDESTE 3-03 - ACESSORIOS KRONA-OUT26;NORDESTE;NORDESTE 3;03 - ACESSORIOS KRONA;2026-10-01;32295,2;PLANO_REGIONAL;CICLO_SET26_DEZ26;REV1
NORDESTE 3-04 - PRODUTOS REVENDA-OUT26;NORDESTE;NORDESTE 3;04 - PRODUTOS REVENDA;2026-10-01;3141,6000000000004;PLANO_REGIONAL;CICLO_SET26_DEZ26;REV1
NORDESTE 3-29 - PPR-OUT26;NORDESTE;NORDESTE 3;29 - PPR;2026-10-01;44,0;PLANO_REGIONAL;CICLO_SET26_DEZ26;REV1
NORDESTE 3-30 - ELETRODUTOS CORRUGADOS KRONA-OUT26;NORDESTE;NORDESTE 3;30 - ELETRODUTOS CORRUGADOS KRONA;2026-10-01;98763,0;PLANO_REGIONAL;CICLO_SET26_DEZ26;REV1
NORDESTE 3-31 - CPVC ULTRATERM-OUT26;NORDESTE;NORDESTE 3;31 - CPVC ULTRATERM;2026-10-01;840,0;PLANO_REGIONAL;CICLO_SET26_DEZ26;REV1
SAO PAULO CAPITAL-00 - TUBOS PVC KRONA-OUT26;SP;SAO PAULO CAPITAL;00 - TUBOS PVC KRONA;2026-10-01;230000,0;PLANO_REGIONAL;CICLO_SET26_DEZ26;REV1
SAO PAULO CAPITAL-01 - TUBOS ELETRODUTOS KRONA-OUT26;SP;SAO PAULO CAPITAL;01 - TUBOS ELETRODUTOS KRONA;2026-10-01;830,0;PLANO_REGIONAL;CICLO_SET26_DEZ26;REV1
SAO PAULO CAPITAL-02 - CONEXOES KRONA-OUT26;SP;SAO PAULO CAPITAL;02 - CONEXOES KRONA;2026-10-01;52000,0;PLANO_REGIONAL;CICLO_SET26_DEZ26;REV1
SAO PAULO CAPITAL-03 - ACESSORIOS KRONA-OUT26;SP;SAO PAULO CAPITAL;03 - ACESSORIOS KRONA;2026-10-01;11000,0;PLANO_REGIONAL;CICLO_SET26_DEZ26;REV1
SAO PAULO CAPITAL-04 - PRODUTOS REVENDA-OUT26;SP;SAO PAULO CAPITAL;04 - PRODUTOS REVENDA;2026-10-01;4203,0;PLANO_REGIONAL;CICLO_SET26_DEZ26;REV1
SAO PAULO CAPITAL-29 - PPR-OUT26;SP;SAO PAULO CAPITAL;29 - PPR;2026-10-01;100,0;PLANO_REGIONAL;CICLO_SET26_DEZ26;REV1
SAO PAULO CAPITAL-30 - ELETRODUTOS CORRUGADOS KRONA-OUT26;SP;SAO PAULO CAPITAL;30 - ELETRODUTOS CORRUGADOS KRONA;2026-10-01;16000,0;PLANO_REGIONAL;CICLO_SET26_DEZ26;REV1
SAO PAULO CAPITAL-31 - CPVC ULTRATERM-OUT26;SP;SAO PAULO CAPITAL;31 - CPVC ULTRATERM;2026-10-01;1000,0;PLANO_REGIONAL;CICLO_SET26_DEZ26;REV1
SAO PAULO CAPITAL 2-00 - TUBOS PVC KRONA-OUT26;SP;SAO PAULO CAPITAL 2;00 - TUBOS PVC KRONA;2026-10-01;265552,0;PLANO_REGIONAL;CICLO_SET26_DEZ26;REV1
SAO PAULO CAPITAL 2-01 - TUBOS ELETRODUTOS KRONA-OUT26;SP;SAO PAULO CAPITAL 2;01 - TUBOS ELETRODUTOS KRONA;2026-10-01;120,0;PLANO_REGIONAL;CICLO_SET26_DEZ26;REV1
SAO PAULO CAPITAL 2-02 - CONEXOES KRONA-OUT26;SP;SAO PAULO CAPITAL 2;02 - CONEXOES KRONA;2026-10-01;82788,0;PLANO_REGIONAL;CICLO_SET26_DEZ26;REV1
SAO PAULO CAPITAL 2-03 - ACESSORIOS KRONA-OUT26;SP;SAO PAULO CAPITAL 2;03 - ACESSORIOS KRONA;2026-10-01;12324,800000000001;PLANO_REGIONAL;CICLO_SET26_DEZ26;REV1
SAO PAULO CAPITAL 2-04 - PRODUTOS REVENDA-OUT26;SP;SAO PAULO CAPITAL 2;04 - PRODUTOS REVENDA;2026-10-01;4429,6;PLANO_REGIONAL;CICLO_SET26_DEZ26;REV1
SAO PAULO CAPITAL 2-30 - ELETRODUTOS CORRUGADOS KRONA-OUT26;SP;SAO PAULO CAPITAL 2;30 - ELETRODUTOS CORRUGADOS KRONA;2026-10-01;9646,0;PLANO_REGIONAL;CICLO_SET26_DEZ26;REV1
SAO PAULO CAPITAL 2-31 - CPVC ULTRATERM-OUT26;SP;SAO PAULO CAPITAL 2;31 - CPVC ULTRATERM;2026-10-01;1460,8000000000002;PLANO_REGIONAL;CICLO_SET26_DEZ26;REV1
SAO PAULO INTERIOR-00 - TUBOS PVC KRONA-OUT26;SP;SAO PAULO INTERIOR;00 - TUBOS PVC KRONA;2026-10-01;330044,0;PLANO_REGIONAL;CICLO_SET26_DEZ26;REV1
SAO PAULO INTERIOR-01 - TUBOS ELETRODUTOS KRONA-OUT26;SP;SAO PAULO INTERIOR;01 - TUBOS ELETRODUTOS KRONA;2026-10-01;459,0;PLANO_REGIONAL;CICLO_SET26_DEZ26;REV1
SAO PAULO INTERIOR-02 - CONEXOES KRONA-OUT26;SP;SAO PAULO INTERIOR;02 - CONEXOES KRONA;2026-10-01;65075,0;PLANO_REGIONAL;CICLO_SET26_DEZ26;REV1
SAO PAULO INTERIOR-03 - ACESSORIOS KRONA-OUT26;SP;SAO PAULO INTERIOR;03 - ACESSORIOS KRONA;2026-10-01;8528,0;PLANO_REGIONAL;CICLO_SET26_DEZ26;REV1
SAO PAULO INTERIOR-04 - PRODUTOS REVENDA-OUT26;SP;SAO PAULO INTERIOR;04 - PRODUTOS REVENDA;2026-10-01;4426,0;PLANO_REGIONAL;CICLO_SET26_DEZ26;REV1
SAO PAULO INTERIOR-29 - PPR-OUT26;SP;SAO PAULO INTERIOR;29 - PPR;2026-10-01;30,0;PLANO_REGIONAL;CICLO_SET26_DEZ26;REV1
SAO PAULO INTERIOR-30 - ELETRODUTOS CORRUGADOS KRONA-OUT26;SP;SAO PAULO INTERIOR;30 - ELETRODUTOS CORRUGADOS KRONA;2026-10-01;20627,0;PLANO_REGIONAL;CICLO_SET26_DEZ26;REV1
SAO PAULO INTERIOR-31 - CPVC ULTRATERM-OUT26;SP;SAO PAULO INTERIOR;31 - CPVC ULTRATERM;2026-10-01;3151,0;PLANO_REGIONAL;CICLO_SET26_DEZ26;REV1
PARANA-00 - TUBOS PVC KRONA-OUT26;SUL;PARANA;00 - TUBOS PVC KRONA;2026-10-01;180387,0;PLANO_REGIONAL;CICLO_SET26_DEZ26;REV1
PARANA-01 - TUBOS ELETRODUTOS KRONA-OUT26;SUL;PARANA;01 - TUBOS ELETRODUTOS KRONA;2026-10-01;477,0;PLANO_REGIONAL;CICLO_SET26_DEZ26;REV1
PARANA-02 - CONEXOES KRONA-OUT26;SUL;PARANA;02 - CONEXOES KRONA;2026-10-01;44317,0;PLANO_REGIONAL;CICLO_SET26_DEZ26;REV1
PARANA-03 - ACESSORIOS KRONA-OUT26;SUL;PARANA;03 - ACESSORIOS KRONA;2026-10-01;5179,0;PLANO_REGIONAL;CICLO_SET26_DEZ26;REV1
PARANA-04 - PRODUTOS REVENDA-OUT26;SUL;PARANA;04 - PRODUTOS REVENDA;2026-10-01;2697,0;PLANO_REGIONAL;CICLO_SET26_DEZ26;REV1
PARANA-29 - PPR-OUT26;SUL;PARANA;29 - PPR;2026-10-01;139,0;PLANO_REGIONAL;CICLO_SET26_DEZ26;REV1
PARANA-30 - ELETRODUTOS CORRUGADOS KRONA-OUT26;SUL;PARANA;30 - ELETRODUTOS CORRUGADOS KRONA;2026-10-01;20996,0;PLANO_REGIONAL;CICLO_SET26_DEZ26;REV1
PARANA-31 - CPVC ULTRATERM-OUT26;SUL;PARANA;31 - CPVC ULTRATERM;2026-10-01;1066,0;PLANO_REGIONAL;CICLO_SET26_DEZ26;REV1
RIO GRANDE DO SUL-00 - TUBOS PVC KRONA-OUT26;SUL;RIO GRANDE DO SUL;00 - TUBOS PVC KRONA;2026-10-01;320000,0;PLANO_REGIONAL;CICLO_SET26_DEZ26;REV1
RIO GRANDE DO SUL-01 - TUBOS ELETRODUTOS KRONA-OUT26;SUL;RIO GRANDE DO SUL;01 - TUBOS ELETRODUTOS KRONA;2026-10-01;2000,0;PLANO_REGIONAL;CICLO_SET26_DEZ26;REV1
RIO GRANDE DO SUL-02 - CONEXOES KRONA-OUT26;SUL;RIO GRANDE DO SUL;02 - CONEXOES KRONA;2026-10-01;80000,0;PLANO_REGIONAL;CICLO_SET26_DEZ26;REV1
RIO GRANDE DO SUL-03 - ACESSORIOS KRONA-OUT26;SUL;RIO GRANDE DO SUL;03 - ACESSORIOS KRONA;2026-10-01;12048,000863785353;PLANO_REGIONAL;CICLO_SET26_DEZ26;REV1
RIO GRANDE DO SUL-04 - PRODUTOS REVENDA-OUT26;SUL;RIO GRANDE DO SUL;04 - PRODUTOS REVENDA;2026-10-01;4308,476141783351;PLANO_REGIONAL;CICLO_SET26_DEZ26;REV1
RIO GRANDE DO SUL-29 - PPR-OUT26;SUL;RIO GRANDE DO SUL;29 - PPR;2026-10-01;2179,0;PLANO_REGIONAL;CICLO_SET26_DEZ26;REV1
RIO GRANDE DO SUL-30 - ELETRODUTOS CORRUGADOS KRONA-OUT26;SUL;RIO GRANDE DO SUL;30 - ELETRODUTOS CORRUGADOS KRONA;2026-10-01;22414,81115803159;PLANO_REGIONAL;CICLO_SET26_DEZ26;REV1
RIO GRANDE DO SUL-31 - CPVC ULTRATERM-OUT26;SUL;RIO GRANDE DO SUL;31 - CPVC ULTRATERM;2026-10-01;2000,0;PLANO_REGIONAL;CICLO_SET26_DEZ26;REV1
SANTA CATARINA 01-00 - TUBOS PVC KRONA-OUT26;SUL;SANTA CATARINA 01;00 - TUBOS PVC KRONA;2026-10-01;160368,0;PLANO_REGIONAL;CICLO_SET26_DEZ26;REV1
SANTA CATARINA 01-01 - TUBOS ELETRODUTOS KRONA-OUT26;SUL;SANTA CATARINA 01;01 - TUBOS ELETRODUTOS KRONA;2026-10-01;433,0;PLANO_REGIONAL;CICLO_SET26_DEZ26;REV1
SANTA CATARINA 01-02 - CONEXOES KRONA-OUT26;SUL;SANTA CATARINA 01;02 - CONEXOES KRONA;2026-10-01;35000,0;PLANO_REGIONAL;CICLO_SET26_DEZ26;REV1
SANTA CATARINA 01-03 - ACESSORIOS KRONA-OUT26;SUL;SANTA CATARINA 01;03 - ACESSORIOS KRONA;2026-10-01;2934,94200451317;PLANO_REGIONAL;CICLO_SET26_DEZ26;REV1
SANTA CATARINA 01-04 - PRODUTOS REVENDA-OUT26;SUL;SANTA CATARINA 01;04 - PRODUTOS REVENDA;2026-10-01;1982,473580736093;PLANO_REGIONAL;CICLO_SET26_DEZ26;REV1
SANTA CATARINA 01-29 - PPR-OUT26;SUL;SANTA CATARINA 01;29 - PPR;2026-10-01;911,6480881219557;PLANO_REGIONAL;CICLO_SET26_DEZ26;REV1
SANTA CATARINA 01-30 - ELETRODUTOS CORRUGADOS KRONA-OUT26;SUL;SANTA CATARINA 01;30 - ELETRODUTOS CORRUGADOS KRONA;2026-10-01;10437,0;PLANO_REGIONAL;CICLO_SET26_DEZ26;REV1
SANTA CATARINA 01-31 - CPVC ULTRATERM-OUT26;SUL;SANTA CATARINA 01;31 - CPVC ULTRATERM;2026-10-01;980,0;PLANO_REGIONAL;CICLO_SET26_DEZ26;REV1
SANTA CATARINA 02-00 - TUBOS PVC KRONA-OUT26;SUL;SANTA CATARINA 02;00 - TUBOS PVC KRONA;2026-10-01;190000,0;PLANO_REGIONAL;CICLO_SET26_DEZ26;REV1
SANTA CATARINA 02-01 - TUBOS ELETRODUTOS KRONA-OUT26;SUL;SANTA CATARINA 02;01 - TUBOS ELETRODUTOS KRONA;2026-10-01;429,0;PLANO_REGIONAL;CICLO_SET26_DEZ26;REV1
SANTA CATARINA 02-02 - CONEXOES KRONA-OUT26;SUL;SANTA CATARINA 02;02 - CONEXOES KRONA;2026-10-01;49187,60115198164;PLANO_REGIONAL;CICLO_SET26_DEZ26;REV1
SANTA CATARINA 02-03 - ACESSORIOS KRONA-OUT26;SUL;SANTA CATARINA 02;03 - ACESSORIOS KRONA;2026-10-01;2812,0;PLANO_REGIONAL;CICLO_SET26_DEZ26;REV1
SANTA CATARINA 02-04 - PRODUTOS REVENDA-OUT26;SUL;SANTA CATARINA 02;04 - PRODUTOS REVENDA;2026-10-01;2621,3766230835754;PLANO_REGIONAL;CICLO_SET26_DEZ26;REV1
SANTA CATARINA 02-29 - PPR-OUT26;SUL;SANTA CATARINA 02;29 - PPR;2026-10-01;715,7306265662246;PLANO_REGIONAL;CICLO_SET26_DEZ26;REV1
SANTA CATARINA 02-30 - ELETRODUTOS CORRUGADOS KRONA-OUT26;SUL;SANTA CATARINA 02;30 - ELETRODUTOS CORRUGADOS KRONA;2026-10-01;13111,0;PLANO_REGIONAL;CICLO_SET26_DEZ26;REV1
SANTA CATARINA 02-31 - CPVC ULTRATERM-OUT26;SUL;SANTA CATARINA 02;31 - CPVC ULTRATERM;2026-10-01;1696,0;PLANO_REGIONAL;CICLO_SET26_DEZ26;REV1
TELEVENDAS-00 - TUBOS PVC KRONA-OUT26;TELEVENDAS;TELEVENDAS;00 - TUBOS PVC KRONA;2026-10-01;86567,0;PLANO_REGIONAL;CICLO_SET26_DEZ26;REV1
TELEVENDAS-01 - TUBOS ELETRODUTOS KRONA-OUT26;TELEVENDAS;TELEVENDAS;01 - TUBOS ELETRODUTOS KRONA;2026-10-01;2378,0;PLANO_REGIONAL;CICLO_SET26_DEZ26;REV1
TELEVENDAS-02 - CONEXOES KRONA-OUT26;TELEVENDAS;TELEVENDAS;02 - CONEXOES KRONA;2026-10-01;23574,0;PLANO_REGIONAL;CICLO_SET26_DEZ26;REV1
TELEVENDAS-03 - ACESSORIOS KRONA-OUT26;TELEVENDAS;TELEVENDAS;03 - ACESSORIOS KRONA;2026-10-01;3417,0;PLANO_REGIONAL;CICLO_SET26_DEZ26;REV1
TELEVENDAS-04 - PRODUTOS REVENDA-OUT26;TELEVENDAS;TELEVENDAS;04 - PRODUTOS REVENDA;2026-10-01;1290,0;PLANO_REGIONAL;CICLO_SET26_DEZ26;REV1
TELEVENDAS-29 - PPR-OUT26;TELEVENDAS;TELEVENDAS;29 - PPR;2026-10-01;132,0;PLANO_REGIONAL;CICLO_SET26_DEZ26;REV1
TELEVENDAS-30 - ELETRODUTOS CORRUGADOS KRONA-OUT26;TELEVENDAS;TELEVENDAS;30 - ELETRODUTOS CORRUGADOS KRONA;2026-10-01;6011,0;PLANO_REGIONAL;CICLO_SET26_DEZ26;REV1
TELEVENDAS-31 - CPVC ULTRATERM-OUT26;TELEVENDAS;TELEVENDAS;31 - CPVC ULTRATERM;2026-10-01;458,0;PLANO_REGIONAL;CICLO_SET26_DEZ26;REV1
CENTRO OESTE-00 - TUBOS PVC KRONA-NOV26;CO NO;CENTRO OESTE;00 - TUBOS PVC KRONA;2026-11-01;839653,0;PLANO_REGIONAL;CICLO_SET26_DEZ26;REV1
CENTRO OESTE-01 - TUBOS ELETRODUTOS KRONA-NOV26;CO NO;CENTRO OESTE;01 - TUBOS ELETRODUTOS KRONA;2026-11-01;6464,0;PLANO_REGIONAL;CICLO_SET26_DEZ26;REV1
CENTRO OESTE-02 - CONEXOES KRONA-NOV26;CO NO;CENTRO OESTE;02 - CONEXOES KRONA;2026-11-01;187847,0;PLANO_REGIONAL;CICLO_SET26_DEZ26;REV1
CENTRO OESTE-03 - ACESSORIOS KRONA-NOV26;CO NO;CENTRO OESTE;03 - ACESSORIOS KRONA;2026-11-01;35068,0;PLANO_REGIONAL;CICLO_SET26_DEZ26;REV1
CENTRO OESTE-04 - PRODUTOS REVENDA-NOV26;CO NO;CENTRO OESTE;04 - PRODUTOS REVENDA;2026-11-01;11477,0;PLANO_REGIONAL;CICLO_SET26_DEZ26;REV1
CENTRO OESTE-29 - PPR-NOV26;CO NO;CENTRO OESTE;29 - PPR;2026-11-01;0,0;PLANO_REGIONAL;CICLO_SET26_DEZ26;REV1
CENTRO OESTE-30 - ELETRODUTOS CORRUGADOS KRONA-NOV26;CO NO;CENTRO OESTE;30 - ELETRODUTOS CORRUGADOS KRONA;2026-11-01;89588,0;PLANO_REGIONAL;CICLO_SET26_DEZ26;REV1
CENTRO OESTE-31 - CPVC ULTRATERM-NOV26;CO NO;CENTRO OESTE;31 - CPVC ULTRATERM;2026-11-01;4095,0;PLANO_REGIONAL;CICLO_SET26_DEZ26;REV1
NORTE-00 - TUBOS PVC KRONA-NOV26;CO NO;NORTE;00 - TUBOS PVC KRONA;2026-11-01;406537,0;PLANO_REGIONAL;CICLO_SET26_DEZ26;REV1
NORTE-01 - TUBOS ELETRODUTOS KRONA-NOV26;CO NO;NORTE;01 - TUBOS ELETRODUTOS KRONA;2026-11-01;10238,0;PLANO_REGIONAL;CICLO_SET26_DEZ26;REV1
NORTE-02 - CONEXOES KRONA-NOV26;CO NO;NORTE;02 - CONEXOES KRONA;2026-11-01;113109,0;PLANO_REGIONAL;CICLO_SET26_DEZ26;REV1
NORTE-03 - ACESSORIOS KRONA-NOV26;CO NO;NORTE;03 - ACESSORIOS KRONA;2026-11-01;14510,0;PLANO_REGIONAL;CICLO_SET26_DEZ26;REV1
NORTE-04 - PRODUTOS REVENDA-NOV26;CO NO;NORTE;04 - PRODUTOS REVENDA;2026-11-01;2671,0;PLANO_REGIONAL;CICLO_SET26_DEZ26;REV1
NORTE-29 - PPR-NOV26;CO NO;NORTE;29 - PPR;2026-11-01;0,0;PLANO_REGIONAL;CICLO_SET26_DEZ26;REV1
NORTE-30 - ELETRODUTOS CORRUGADOS KRONA-NOV26;CO NO;NORTE;30 - ELETRODUTOS CORRUGADOS KRONA;2026-11-01;23648,0;PLANO_REGIONAL;CICLO_SET26_DEZ26;REV1
NORTE-31 - CPVC ULTRATERM-NOV26;CO NO;NORTE;31 - CPVC ULTRATERM;2026-11-01;247,0;PLANO_REGIONAL;CICLO_SET26_DEZ26;REV1
CONSTRUTORA 1-00 - TUBOS PVC KRONA-NOV26;CONSTRUTORA;CONSTRUTORA 1;00 - TUBOS PVC KRONA;2026-11-01;336674,26275265974;PLANO_REGIONAL;CICLO_SET26_DEZ26;REV1
CONSTRUTORA 1-01 - TUBOS ELETRODUTOS KRONA-NOV26;CONSTRUTORA;CONSTRUTORA 1;01 - TUBOS ELETRODUTOS KRONA;2026-11-01;7190,311444466522;PLANO_REGIONAL;CICLO_SET26_DEZ26;REV1
CONSTRUTORA 1-02 - CONEXOES KRONA-NOV26;CONSTRUTORA;CONSTRUTORA 1;02 - CONEXOES KRONA;2026-11-01;76948,8788608726;PLANO_REGIONAL;CICLO_SET26_DEZ26;REV1
CONSTRUTORA 1-03 - ACESSORIOS KRONA-NOV26;CONSTRUTORA;CONSTRUTORA 1;03 - ACESSORIOS KRONA;2026-11-01;2463,210470889123;PLANO_REGIONAL;CICLO_SET26_DEZ26;REV1
CONSTRUTORA 1-04 - PRODUTOS REVENDA-NOV26;CONSTRUTORA;CONSTRUTORA 1;04 - PRODUTOS REVENDA;2026-11-01;7495,998839065447;PLANO_REGIONAL;CICLO_SET26_DEZ26;REV1
CONSTRUTORA 1-29 - PPR-NOV26;CONSTRUTORA;CONSTRUTORA 1;29 - PPR;2026-11-01;7242,129726006429;PLANO_REGIONAL;CICLO_SET26_DEZ26;REV1
CONSTRUTORA 1-30 - ELETRODUTOS CORRUGADOS KRONA-NOV26;CONSTRUTORA;CONSTRUTORA 1;30 - ELETRODUTOS CORRUGADOS KRONA;2026-11-01;96774,66152297102;PLANO_REGIONAL;CICLO_SET26_DEZ26;REV1
CONSTRUTORA 1-31 - CPVC ULTRATERM-NOV26;CONSTRUTORA;CONSTRUTORA 1;31 - CPVC ULTRATERM;2026-11-01;6657,786117219619;PLANO_REGIONAL;CICLO_SET26_DEZ26;REV1
CONSTRUTORA 2-00 - TUBOS PVC KRONA-NOV26;CONSTRUTORA;CONSTRUTORA 2;00 - TUBOS PVC KRONA;2026-11-01;563325,7372473403;PLANO_REGIONAL;CICLO_SET26_DEZ26;REV1
CONSTRUTORA 2-01 - TUBOS ELETRODUTOS KRONA-NOV26;CONSTRUTORA;CONSTRUTORA 2;01 - TUBOS ELETRODUTOS KRONA;2026-11-01;32468,688555533477;PLANO_REGIONAL;CICLO_SET26_DEZ26;REV1
CONSTRUTORA 2-02 - CONEXOES KRONA-NOV26;CONSTRUTORA;CONSTRUTORA 2;02 - CONEXOES KRONA;2026-11-01;109354,1211391274;PLANO_REGIONAL;CICLO_SET26_DEZ26;REV1
CONSTRUTORA 2-03 - ACESSORIOS KRONA-NOV26;CONSTRUTORA;CONSTRUTORA 2;03 - ACESSORIOS KRONA;2026-11-01;4138,789529110877;PLANO_REGIONAL;CICLO_SET26_DEZ26;REV1
CONSTRUTORA 2-04 - PRODUTOS REVENDA-NOV26;CONSTRUTORA;CONSTRUTORA 2;04 - PRODUTOS REVENDA;2026-11-01;11848,001160934553;PLANO_REGIONAL;CICLO_SET26_DEZ26;REV1
CONSTRUTORA 2-29 - PPR-NOV26;CONSTRUTORA;CONSTRUTORA 2;29 - PPR;2026-11-01;7010,870273993571;PLANO_REGIONAL;CICLO_SET26_DEZ26;REV1
CONSTRUTORA 2-30 - ELETRODUTOS CORRUGADOS KRONA-NOV26;CONSTRUTORA;CONSTRUTORA 2;30 - ELETRODUTOS CORRUGADOS KRONA;2026-11-01;76195,33847702898;PLANO_REGIONAL;CICLO_SET26_DEZ26;REV1
CONSTRUTORA 2-31 - CPVC ULTRATERM-NOV26;CONSTRUTORA;CONSTRUTORA 2;31 - CPVC ULTRATERM;2026-11-01;4207,213882780381;PLANO_REGIONAL;CICLO_SET26_DEZ26;REV1
EXPORTACAO-00 - TUBOS PVC KRONA-NOV26;EXPORTACAO;EXPORTACAO;00 - TUBOS PVC KRONA;2026-11-01;15000,0;PLANO_REGIONAL;CICLO_SET26_DEZ26;REV1
EXPORTACAO-01 - TUBOS ELETRODUTOS KRONA-NOV26;EXPORTACAO;EXPORTACAO;01 - TUBOS ELETRODUTOS KRONA;2026-11-01;46,0;PLANO_REGIONAL;CICLO_SET26_DEZ26;REV1
EXPORTACAO-02 - CONEXOES KRONA-NOV26;EXPORTACAO;EXPORTACAO;02 - CONEXOES KRONA;2026-11-01;70000,0;PLANO_REGIONAL;CICLO_SET26_DEZ26;REV1
EXPORTACAO-03 - ACESSORIOS KRONA-NOV26;EXPORTACAO;EXPORTACAO;03 - ACESSORIOS KRONA;2026-11-01;25288,0;PLANO_REGIONAL;CICLO_SET26_DEZ26;REV1
EXPORTACAO-04 - PRODUTOS REVENDA-NOV26;EXPORTACAO;EXPORTACAO;04 - PRODUTOS REVENDA;2026-11-01;550,0;PLANO_REGIONAL;CICLO_SET26_DEZ26;REV1
EXPORTACAO-30 - ELETRODUTOS CORRUGADOS KRONA-NOV26;EXPORTACAO;EXPORTACAO;30 - ELETRODUTOS CORRUGADOS KRONA;2026-11-01;1855,0;PLANO_REGIONAL;CICLO_SET26_DEZ26;REV1
EXPORTACAO-31 - CPVC ULTRATERM-NOV26;EXPORTACAO;EXPORTACAO;31 - CPVC ULTRATERM;2026-11-01;0,0;PLANO_REGIONAL;CICLO_SET26_DEZ26;REV1
IRRIGACAO 1-00 - TUBOS PVC KRONA-NOV26;IRRIGACAO;IRRIGACAO 1;00 - TUBOS PVC KRONA;2026-11-01;7793,0;PLANO_REGIONAL;CICLO_SET26_DEZ26;REV1
IRRIGACAO 1-01 - TUBOS ELETRODUTOS KRONA-NOV26;IRRIGACAO;IRRIGACAO 1;01 - TUBOS ELETRODUTOS KRONA;2026-11-01;50,0;PLANO_REGIONAL;CICLO_SET26_DEZ26;REV1
IRRIGACAO 1-02 - CONEXOES KRONA-NOV26;IRRIGACAO;IRRIGACAO 1;02 - CONEXOES KRONA;2026-11-01;3965,0;PLANO_REGIONAL;CICLO_SET26_DEZ26;REV1
IRRIGACAO 1-03 - ACESSORIOS KRONA-NOV26;IRRIGACAO;IRRIGACAO 1;03 - ACESSORIOS KRONA;2026-11-01;85,0;PLANO_REGIONAL;CICLO_SET26_DEZ26;REV1
IRRIGACAO 1-04 - PRODUTOS REVENDA-NOV26;IRRIGACAO;IRRIGACAO 1;04 - PRODUTOS REVENDA;2026-11-01;150,0;PLANO_REGIONAL;CICLO_SET26_DEZ26;REV1
IRRIGACAO 1-29 - PPR-NOV26;IRRIGACAO;IRRIGACAO 1;29 - PPR;2026-11-01;0,0;PLANO_REGIONAL;CICLO_SET26_DEZ26;REV1
IRRIGACAO 1-30 - ELETRODUTOS CORRUGADOS KRONA-NOV26;IRRIGACAO;IRRIGACAO 1;30 - ELETRODUTOS CORRUGADOS KRONA;2026-11-01;43,0;PLANO_REGIONAL;CICLO_SET26_DEZ26;REV1
IRRIGACAO 1-31 - CPVC ULTRATERM-NOV26;IRRIGACAO;IRRIGACAO 1;31 - CPVC ULTRATERM;2026-11-01;0,0;PLANO_REGIONAL;CICLO_SET26_DEZ26;REV1
IRRIGACAO 2-00 - TUBOS PVC KRONA-NOV26;IRRIGACAO;IRRIGACAO 2;00 - TUBOS PVC KRONA;2026-11-01;4248,0;PLANO_REGIONAL;CICLO_SET26_DEZ26;REV1
IRRIGACAO 2-01 - TUBOS ELETRODUTOS KRONA-NOV26;IRRIGACAO;IRRIGACAO 2;01 - TUBOS ELETRODUTOS KRONA;2026-11-01;161,0;PLANO_REGIONAL;CICLO_SET26_DEZ26;REV1
IRRIGACAO 2-02 - CONEXOES KRONA-NOV26;IRRIGACAO;IRRIGACAO 2;02 - CONEXOES KRONA;2026-11-01;3147,0;PLANO_REGIONAL;CICLO_SET26_DEZ26;REV1
IRRIGACAO 2-03 - ACESSORIOS KRONA-NOV26;IRRIGACAO;IRRIGACAO 2;03 - ACESSORIOS KRONA;2026-11-01;49,0;PLANO_REGIONAL;CICLO_SET26_DEZ26;REV1
IRRIGACAO 2-04 - PRODUTOS REVENDA-NOV26;IRRIGACAO;IRRIGACAO 2;04 - PRODUTOS REVENDA;2026-11-01;94,0;PLANO_REGIONAL;CICLO_SET26_DEZ26;REV1
IRRIGACAO 2-30 - ELETRODUTOS CORRUGADOS KRONA-NOV26;IRRIGACAO;IRRIGACAO 2;30 - ELETRODUTOS CORRUGADOS KRONA;2026-11-01;47,0;PLANO_REGIONAL;CICLO_SET26_DEZ26;REV1
IRRIGACAO 2-31 - CPVC ULTRATERM-NOV26;IRRIGACAO;IRRIGACAO 2;31 - CPVC ULTRATERM;2026-11-01;0,0;PLANO_REGIONAL;CICLO_SET26_DEZ26;REV1
MINAS GERAIS-00 - TUBOS PVC KRONA-NOV26;MINAS RJ/ES;MINAS GERAIS;00 - TUBOS PVC KRONA;2026-11-01;540000,0;PLANO_REGIONAL;CICLO_SET26_DEZ26;REV1
MINAS GERAIS-01 - TUBOS ELETRODUTOS KRONA-NOV26;MINAS RJ/ES;MINAS GERAIS;01 - TUBOS ELETRODUTOS KRONA;2026-11-01;9000,0;PLANO_REGIONAL;CICLO_SET26_DEZ26;REV1
MINAS GERAIS-02 - CONEXOES KRONA-NOV26;MINAS RJ/ES;MINAS GERAIS;02 - CONEXOES KRONA;2026-11-01;220000,0;PLANO_REGIONAL;CICLO_SET26_DEZ26;REV1
MINAS GERAIS-03 - ACESSORIOS KRONA-NOV26;MINAS RJ/ES;MINAS GERAIS;03 - ACESSORIOS KRONA;2026-11-01;45000,0;PLANO_REGIONAL;CICLO_SET26_DEZ26;REV1
MINAS GERAIS-04 - PRODUTOS REVENDA-NOV26;MINAS RJ/ES;MINAS GERAIS;04 - PRODUTOS REVENDA;2026-11-01;13500,0;PLANO_REGIONAL;CICLO_SET26_DEZ26;REV1
MINAS GERAIS-29 - PPR-NOV26;MINAS RJ/ES;MINAS GERAIS;29 - PPR;2026-11-01;0,0;PLANO_REGIONAL;CICLO_SET26_DEZ26;REV1
MINAS GERAIS-30 - ELETRODUTOS CORRUGADOS KRONA-NOV26;MINAS RJ/ES;MINAS GERAIS;30 - ELETRODUTOS CORRUGADOS KRONA;2026-11-01;90000,0;PLANO_REGIONAL;CICLO_SET26_DEZ26;REV1
MINAS GERAIS-31 - CPVC ULTRATERM-NOV26;MINAS RJ/ES;MINAS GERAIS;31 - CPVC ULTRATERM;2026-11-01;9000,0;PLANO_REGIONAL;CICLO_SET26_DEZ26;REV1
RJ/ES-00 - TUBOS PVC KRONA-NOV26;MINAS RJ/ES;RJ/ES;00 - TUBOS PVC KRONA;2026-11-01;296682,0;PLANO_REGIONAL;CICLO_SET26_DEZ26;REV1
RJ/ES-01 - TUBOS ELETRODUTOS KRONA-NOV26;MINAS RJ/ES;RJ/ES;01 - TUBOS ELETRODUTOS KRONA;2026-11-01;1719,0;PLANO_REGIONAL;CICLO_SET26_DEZ26;REV1
RJ/ES-02 - CONEXOES KRONA-NOV26;MINAS RJ/ES;RJ/ES;02 - CONEXOES KRONA;2026-11-01;77000,0;PLANO_REGIONAL;CICLO_SET26_DEZ26;REV1
RJ/ES-03 - ACESSORIOS KRONA-NOV26;MINAS RJ/ES;RJ/ES;03 - ACESSORIOS KRONA;2026-11-01;19924,0;PLANO_REGIONAL;CICLO_SET26_DEZ26;REV1
RJ/ES-04 - PRODUTOS REVENDA-NOV26;MINAS RJ/ES;RJ/ES;04 - PRODUTOS REVENDA;2026-11-01;2526,0;PLANO_REGIONAL;CICLO_SET26_DEZ26;REV1
RJ/ES-29 - PPR-NOV26;MINAS RJ/ES;RJ/ES;29 - PPR;2026-11-01;0,0;PLANO_REGIONAL;CICLO_SET26_DEZ26;REV1
RJ/ES-30 - ELETRODUTOS CORRUGADOS KRONA-NOV26;MINAS RJ/ES;RJ/ES;30 - ELETRODUTOS CORRUGADOS KRONA;2026-11-01;20000,0;PLANO_REGIONAL;CICLO_SET26_DEZ26;REV1
RJ/ES-31 - CPVC ULTRATERM-NOV26;MINAS RJ/ES;RJ/ES;31 - CPVC ULTRATERM;2026-11-01;1735,0;PLANO_REGIONAL;CICLO_SET26_DEZ26;REV1
NORDESTE 1-00 - TUBOS PVC KRONA-NOV26;NORDESTE;NORDESTE 1;00 - TUBOS PVC KRONA;2026-11-01;300000,0;PLANO_REGIONAL;CICLO_SET26_DEZ26;REV1
NORDESTE 1-01 - TUBOS ELETRODUTOS KRONA-NOV26;NORDESTE;NORDESTE 1;01 - TUBOS ELETRODUTOS KRONA;2026-11-01;18100,0;PLANO_REGIONAL;CICLO_SET26_DEZ26;REV1
NORDESTE 1-02 - CONEXOES KRONA-NOV26;NORDESTE;NORDESTE 1;02 - CONEXOES KRONA;2026-11-01;87100,0;PLANO_REGIONAL;CICLO_SET26_DEZ26;REV1
NORDESTE 1-03 - ACESSORIOS KRONA-NOV26;NORDESTE;NORDESTE 1;03 - ACESSORIOS KRONA;2026-11-01;18000,0;PLANO_REGIONAL;CICLO_SET26_DEZ26;REV1
NORDESTE 1-04 - PRODUTOS REVENDA-NOV26;NORDESTE;NORDESTE 1;04 - PRODUTOS REVENDA;2026-11-01;2321,0;PLANO_REGIONAL;CICLO_SET26_DEZ26;REV1
NORDESTE 1-29 - PPR-NOV26;NORDESTE;NORDESTE 1;29 - PPR;2026-11-01;0,0;PLANO_REGIONAL;CICLO_SET26_DEZ26;REV1
NORDESTE 1-30 - ELETRODUTOS CORRUGADOS KRONA-NOV26;NORDESTE;NORDESTE 1;30 - ELETRODUTOS CORRUGADOS KRONA;2026-11-01;22000,0;PLANO_REGIONAL;CICLO_SET26_DEZ26;REV1
NORDESTE 1-31 - CPVC ULTRATERM-NOV26;NORDESTE;NORDESTE 1;31 - CPVC ULTRATERM;2026-11-01;200,0;PLANO_REGIONAL;CICLO_SET26_DEZ26;REV1
NORDESTE 2-00 - TUBOS PVC KRONA-NOV26;NORDESTE;NORDESTE 2;00 - TUBOS PVC KRONA;2026-11-01;1003080,0;PLANO_REGIONAL;CICLO_SET26_DEZ26;REV1
NORDESTE 2-01 - TUBOS ELETRODUTOS KRONA-NOV26;NORDESTE;NORDESTE 2;01 - TUBOS ELETRODUTOS KRONA;2026-11-01;38519,0;PLANO_REGIONAL;CICLO_SET26_DEZ26;REV1
NORDESTE 2-02 - CONEXOES KRONA-NOV26;NORDESTE;NORDESTE 2;02 - CONEXOES KRONA;2026-11-01;200000,0;PLANO_REGIONAL;CICLO_SET26_DEZ26;REV1
NORDESTE 2-03 - ACESSORIOS KRONA-NOV26;NORDESTE;NORDESTE 2;03 - ACESSORIOS KRONA;2026-11-01;32000,0;PLANO_REGIONAL;CICLO_SET26_DEZ26;REV1
NORDESTE 2-04 - PRODUTOS REVENDA-NOV26;NORDESTE;NORDESTE 2;04 - PRODUTOS REVENDA;2026-11-01;3368,0;PLANO_REGIONAL;CICLO_SET26_DEZ26;REV1
NORDESTE 2-29 - PPR-NOV26;NORDESTE;NORDESTE 2;29 - PPR;2026-11-01;20,0;PLANO_REGIONAL;CICLO_SET26_DEZ26;REV1
NORDESTE 2-30 - ELETRODUTOS CORRUGADOS KRONA-NOV26;NORDESTE;NORDESTE 2;30 - ELETRODUTOS CORRUGADOS KRONA;2026-11-01;70000,0;PLANO_REGIONAL;CICLO_SET26_DEZ26;REV1
NORDESTE 2-31 - CPVC ULTRATERM-NOV26;NORDESTE;NORDESTE 2;31 - CPVC ULTRATERM;2026-11-01;700,0;PLANO_REGIONAL;CICLO_SET26_DEZ26;REV1
NORDESTE 3-00 - TUBOS PVC KRONA-NOV26;NORDESTE;NORDESTE 3;00 - TUBOS PVC KRONA;2026-11-01;946181,95;PLANO_REGIONAL;CICLO_SET26_DEZ26;REV1
NORDESTE 3-01 - TUBOS ELETRODUTOS KRONA-NOV26;NORDESTE;NORDESTE 3;01 - TUBOS ELETRODUTOS KRONA;2026-11-01;42160,049999999996;PLANO_REGIONAL;CICLO_SET26_DEZ26;REV1
NORDESTE 3-02 - CONEXOES KRONA-NOV26;NORDESTE;NORDESTE 3;02 - CONEXOES KRONA;2026-11-01;178397,65;PLANO_REGIONAL;CICLO_SET26_DEZ26;REV1
NORDESTE 3-03 - ACESSORIOS KRONA-NOV26;NORDESTE;NORDESTE 3;03 - ACESSORIOS KRONA;2026-11-01;29500,35;PLANO_REGIONAL;CICLO_SET26_DEZ26;REV1
NORDESTE 3-04 - PRODUTOS REVENDA-NOV26;NORDESTE;NORDESTE 3;04 - PRODUTOS REVENDA;2026-11-01;3021,0;PLANO_REGIONAL;CICLO_SET26_DEZ26;REV1
NORDESTE 3-29 - PPR-NOV26;NORDESTE;NORDESTE 3;29 - PPR;2026-11-01;34,0;PLANO_REGIONAL;CICLO_SET26_DEZ26;REV1
NORDESTE 3-30 - ELETRODUTOS CORRUGADOS KRONA-NOV26;NORDESTE;NORDESTE 3;30 - ELETRODUTOS CORRUGADOS KRONA;2026-11-01;98763,6;PLANO_REGIONAL;CICLO_SET26_DEZ26;REV1
NORDESTE 3-31 - CPVC ULTRATERM-NOV26;NORDESTE;NORDESTE 3;31 - CPVC ULTRATERM;2026-11-01;646,0;PLANO_REGIONAL;CICLO_SET26_DEZ26;REV1
SAO PAULO CAPITAL-00 - TUBOS PVC KRONA-NOV26;SP;SAO PAULO CAPITAL;00 - TUBOS PVC KRONA;2026-11-01;186000,0;PLANO_REGIONAL;CICLO_SET26_DEZ26;REV1
SAO PAULO CAPITAL-01 - TUBOS ELETRODUTOS KRONA-NOV26;SP;SAO PAULO CAPITAL;01 - TUBOS ELETRODUTOS KRONA;2026-11-01;763,0;PLANO_REGIONAL;CICLO_SET26_DEZ26;REV1
SAO PAULO CAPITAL-02 - CONEXOES KRONA-NOV26;SP;SAO PAULO CAPITAL;02 - CONEXOES KRONA;2026-11-01;55000,0;PLANO_REGIONAL;CICLO_SET26_DEZ26;REV1
SAO PAULO CAPITAL-03 - ACESSORIOS KRONA-NOV26;SP;SAO PAULO CAPITAL;03 - ACESSORIOS KRONA;2026-11-01;10000,0;PLANO_REGIONAL;CICLO_SET26_DEZ26;REV1
SAO PAULO CAPITAL-04 - PRODUTOS REVENDA-NOV26;SP;SAO PAULO CAPITAL;04 - PRODUTOS REVENDA;2026-11-01;4500,0;PLANO_REGIONAL;CICLO_SET26_DEZ26;REV1
SAO PAULO CAPITAL-29 - PPR-NOV26;SP;SAO PAULO CAPITAL;29 - PPR;2026-11-01;71,0;PLANO_REGIONAL;CICLO_SET26_DEZ26;REV1
SAO PAULO CAPITAL-30 - ELETRODUTOS CORRUGADOS KRONA-NOV26;SP;SAO PAULO CAPITAL;30 - ELETRODUTOS CORRUGADOS KRONA;2026-11-01;16124,0;PLANO_REGIONAL;CICLO_SET26_DEZ26;REV1
SAO PAULO CAPITAL-31 - CPVC ULTRATERM-NOV26;SP;SAO PAULO CAPITAL;31 - CPVC ULTRATERM;2026-11-01;923,0;PLANO_REGIONAL;CICLO_SET26_DEZ26;REV1
SAO PAULO CAPITAL 2-00 - TUBOS PVC KRONA-NOV26;SP;SAO PAULO CAPITAL 2;00 - TUBOS PVC KRONA;2026-11-01;229372,00000000003;PLANO_REGIONAL;CICLO_SET26_DEZ26;REV1
SAO PAULO CAPITAL 2-01 - TUBOS ELETRODUTOS KRONA-NOV26;SP;SAO PAULO CAPITAL 2;01 - TUBOS ELETRODUTOS KRONA;2026-11-01;150,0;PLANO_REGIONAL;CICLO_SET26_DEZ26;REV1
SAO PAULO CAPITAL 2-02 - CONEXOES KRONA-NOV26;SP;SAO PAULO CAPITAL 2;02 - CONEXOES KRONA;2026-11-01;83487,0;PLANO_REGIONAL;CICLO_SET26_DEZ26;REV1
SAO PAULO CAPITAL 2-03 - ACESSORIOS KRONA-NOV26;SP;SAO PAULO CAPITAL 2;03 - ACESSORIOS KRONA;2026-11-01;9417,0;PLANO_REGIONAL;CICLO_SET26_DEZ26;REV1
SAO PAULO CAPITAL 2-04 - PRODUTOS REVENDA-NOV26;SP;SAO PAULO CAPITAL 2;04 - PRODUTOS REVENDA;2026-11-01;4000,0;PLANO_REGIONAL;CICLO_SET26_DEZ26;REV1
SAO PAULO CAPITAL 2-30 - ELETRODUTOS CORRUGADOS KRONA-NOV26;SP;SAO PAULO CAPITAL 2;30 - ELETRODUTOS CORRUGADOS KRONA;2026-11-01;10000,0;PLANO_REGIONAL;CICLO_SET26_DEZ26;REV1
SAO PAULO CAPITAL 2-31 - CPVC ULTRATERM-NOV26;SP;SAO PAULO CAPITAL 2;31 - CPVC ULTRATERM;2026-11-01;1116,0;PLANO_REGIONAL;CICLO_SET26_DEZ26;REV1
SAO PAULO INTERIOR-00 - TUBOS PVC KRONA-NOV26;SP;SAO PAULO INTERIOR;00 - TUBOS PVC KRONA;2026-11-01;238788,0;PLANO_REGIONAL;CICLO_SET26_DEZ26;REV1
SAO PAULO INTERIOR-01 - TUBOS ELETRODUTOS KRONA-NOV26;SP;SAO PAULO INTERIOR;01 - TUBOS ELETRODUTOS KRONA;2026-11-01;359,0;PLANO_REGIONAL;CICLO_SET26_DEZ26;REV1
SAO PAULO INTERIOR-02 - CONEXOES KRONA-NOV26;SP;SAO PAULO INTERIOR;02 - CONEXOES KRONA;2026-11-01;46074,0;PLANO_REGIONAL;CICLO_SET26_DEZ26;REV1
SAO PAULO INTERIOR-03 - ACESSORIOS KRONA-NOV26;SP;SAO PAULO INTERIOR;03 - ACESSORIOS KRONA;2026-11-01;5852,0;PLANO_REGIONAL;CICLO_SET26_DEZ26;REV1
SAO PAULO INTERIOR-04 - PRODUTOS REVENDA-NOV26;SP;SAO PAULO INTERIOR;04 - PRODUTOS REVENDA;2026-11-01;3192,0;PLANO_REGIONAL;CICLO_SET26_DEZ26;REV1
SAO PAULO INTERIOR-29 - PPR-NOV26;SP;SAO PAULO INTERIOR;29 - PPR;2026-11-01;23,0;PLANO_REGIONAL;CICLO_SET26_DEZ26;REV1
SAO PAULO INTERIOR-30 - ELETRODUTOS CORRUGADOS KRONA-NOV26;SP;SAO PAULO INTERIOR;30 - ELETRODUTOS CORRUGADOS KRONA;2026-11-01;18000,0;PLANO_REGIONAL;CICLO_SET26_DEZ26;REV1
SAO PAULO INTERIOR-31 - CPVC ULTRATERM-NOV26;SP;SAO PAULO INTERIOR;31 - CPVC ULTRATERM;2026-11-01;2337,0;PLANO_REGIONAL;CICLO_SET26_DEZ26;REV1
PARANA-00 - TUBOS PVC KRONA-NOV26;SUL;PARANA;00 - TUBOS PVC KRONA;2026-11-01;200000,0;PLANO_REGIONAL;CICLO_SET26_DEZ26;REV1
PARANA-01 - TUBOS ELETRODUTOS KRONA-NOV26;SUL;PARANA;01 - TUBOS ELETRODUTOS KRONA;2026-11-01;422,0;PLANO_REGIONAL;CICLO_SET26_DEZ26;REV1
PARANA-02 - CONEXOES KRONA-NOV26;SUL;PARANA;02 - CONEXOES KRONA;2026-11-01;39000,0;PLANO_REGIONAL;CICLO_SET26_DEZ26;REV1
PARANA-03 - ACESSORIOS KRONA-NOV26;SUL;PARANA;03 - ACESSORIOS KRONA;2026-11-01;5469,0;PLANO_REGIONAL;CICLO_SET26_DEZ26;REV1
PARANA-04 - PRODUTOS REVENDA-NOV26;SUL;PARANA;04 - PRODUTOS REVENDA;2026-11-01;3406,0;PLANO_REGIONAL;CICLO_SET26_DEZ26;REV1
PARANA-29 - PPR-NOV26;SUL;PARANA;29 - PPR;2026-11-01;133,0;PLANO_REGIONAL;CICLO_SET26_DEZ26;REV1
PARANA-30 - ELETRODUTOS CORRUGADOS KRONA-NOV26;SUL;PARANA;30 - ELETRODUTOS CORRUGADOS KRONA;2026-11-01;15291,0;PLANO_REGIONAL;CICLO_SET26_DEZ26;REV1
PARANA-31 - CPVC ULTRATERM-NOV26;SUL;PARANA;31 - CPVC ULTRATERM;2026-11-01;1001,0;PLANO_REGIONAL;CICLO_SET26_DEZ26;REV1
RIO GRANDE DO SUL-00 - TUBOS PVC KRONA-NOV26;SUL;RIO GRANDE DO SUL;00 - TUBOS PVC KRONA;2026-11-01;293140,519875316;PLANO_REGIONAL;CICLO_SET26_DEZ26;REV1
RIO GRANDE DO SUL-01 - TUBOS ELETRODUTOS KRONA-NOV26;SUL;RIO GRANDE DO SUL;01 - TUBOS ELETRODUTOS KRONA;2026-11-01;1231,2634719788844;PLANO_REGIONAL;CICLO_SET26_DEZ26;REV1
RIO GRANDE DO SUL-02 - CONEXOES KRONA-NOV26;SUL;RIO GRANDE DO SUL;02 - CONEXOES KRONA;2026-11-01;75432,39288609097;PLANO_REGIONAL;CICLO_SET26_DEZ26;REV1
RIO GRANDE DO SUL-03 - ACESSORIOS KRONA-NOV26;SUL;RIO GRANDE DO SUL;03 - ACESSORIOS KRONA;2026-11-01;10000,0;PLANO_REGIONAL;CICLO_SET26_DEZ26;REV1
RIO GRANDE DO SUL-04 - PRODUTOS REVENDA-NOV26;SUL;RIO GRANDE DO SUL;04 - PRODUTOS REVENDA;2026-11-01;5718,062519985465;PLANO_REGIONAL;CICLO_SET26_DEZ26;REV1
RIO GRANDE DO SUL-29 - PPR-NOV26;SUL;RIO GRANDE DO SUL;29 - PPR;2026-11-01;1860,3838332653645;PLANO_REGIONAL;CICLO_SET26_DEZ26;REV1
RIO GRANDE DO SUL-30 - ELETRODUTOS CORRUGADOS KRONA-NOV26;SUL;RIO GRANDE DO SUL;30 - ELETRODUTOS CORRUGADOS KRONA;2026-11-01;19024,675115086233;PLANO_REGIONAL;CICLO_SET26_DEZ26;REV1
RIO GRANDE DO SUL-31 - CPVC ULTRATERM-NOV26;SUL;RIO GRANDE DO SUL;31 - CPVC ULTRATERM;2026-11-01;2000,0;PLANO_REGIONAL;CICLO_SET26_DEZ26;REV1
SANTA CATARINA 01-00 - TUBOS PVC KRONA-NOV26;SUL;SANTA CATARINA 01;00 - TUBOS PVC KRONA;2026-11-01;163741,0;PLANO_REGIONAL;CICLO_SET26_DEZ26;REV1
SANTA CATARINA 01-01 - TUBOS ELETRODUTOS KRONA-NOV26;SUL;SANTA CATARINA 01;01 - TUBOS ELETRODUTOS KRONA;2026-11-01;478,0;PLANO_REGIONAL;CICLO_SET26_DEZ26;REV1
SANTA CATARINA 01-02 - CONEXOES KRONA-NOV26;SUL;SANTA CATARINA 01;02 - CONEXOES KRONA;2026-11-01;37541,0;PLANO_REGIONAL;CICLO_SET26_DEZ26;REV1
SANTA CATARINA 01-03 - ACESSORIOS KRONA-NOV26;SUL;SANTA CATARINA 01;03 - ACESSORIOS KRONA;2026-11-01;2893,7345414889533;PLANO_REGIONAL;CICLO_SET26_DEZ26;REV1
SANTA CATARINA 01-04 - PRODUTOS REVENDA-NOV26;SUL;SANTA CATARINA 01;04 - PRODUTOS REVENDA;2026-11-01;2516,0;PLANO_REGIONAL;CICLO_SET26_DEZ26;REV1
SANTA CATARINA 01-29 - PPR-NOV26;SUL;SANTA CATARINA 01;29 - PPR;2026-11-01;920,0;PLANO_REGIONAL;CICLO_SET26_DEZ26;REV1
SANTA CATARINA 01-30 - ELETRODUTOS CORRUGADOS KRONA-NOV26;SUL;SANTA CATARINA 01;30 - ELETRODUTOS CORRUGADOS KRONA;2026-11-01;8000,0;PLANO_REGIONAL;CICLO_SET26_DEZ26;REV1
SANTA CATARINA 01-31 - CPVC ULTRATERM-NOV26;SUL;SANTA CATARINA 01;31 - CPVC ULTRATERM;2026-11-01;812,0;PLANO_REGIONAL;CICLO_SET26_DEZ26;REV1
SANTA CATARINA 02-00 - TUBOS PVC KRONA-NOV26;SUL;SANTA CATARINA 02;00 - TUBOS PVC KRONA;2026-11-01;180000,0;PLANO_REGIONAL;CICLO_SET26_DEZ26;REV1
SANTA CATARINA 02-01 - TUBOS ELETRODUTOS KRONA-NOV26;SUL;SANTA CATARINA 02;01 - TUBOS ELETRODUTOS KRONA;2026-11-01;365,6272819194954;PLANO_REGIONAL;CICLO_SET26_DEZ26;REV1
SANTA CATARINA 02-02 - CONEXOES KRONA-NOV26;SUL;SANTA CATARINA 02;02 - CONEXOES KRONA;2026-11-01;40537,78158910555;PLANO_REGIONAL;CICLO_SET26_DEZ26;REV1
SANTA CATARINA 02-03 - ACESSORIOS KRONA-NOV26;SUL;SANTA CATARINA 02;03 - ACESSORIOS KRONA;2026-11-01;3000,0;PLANO_REGIONAL;CICLO_SET26_DEZ26;REV1
SANTA CATARINA 02-04 - PRODUTOS REVENDA-NOV26;SUL;SANTA CATARINA 02;04 - PRODUTOS REVENDA;2026-11-01;2949,2721437661485;PLANO_REGIONAL;CICLO_SET26_DEZ26;REV1
SANTA CATARINA 02-29 - PPR-NOV26;SUL;SANTA CATARINA 02;29 - PPR;2026-11-01;728,0;PLANO_REGIONAL;CICLO_SET26_DEZ26;REV1
SANTA CATARINA 02-30 - ELETRODUTOS CORRUGADOS KRONA-NOV26;SUL;SANTA CATARINA 02;30 - ELETRODUTOS CORRUGADOS KRONA;2026-11-01;12000,0;PLANO_REGIONAL;CICLO_SET26_DEZ26;REV1
SANTA CATARINA 02-31 - CPVC ULTRATERM-NOV26;SUL;SANTA CATARINA 02;31 - CPVC ULTRATERM;2026-11-01;1760,0;PLANO_REGIONAL;CICLO_SET26_DEZ26;REV1
TELEVENDAS-00 - TUBOS PVC KRONA-NOV26;TELEVENDAS;TELEVENDAS;00 - TUBOS PVC KRONA;2026-11-01;78000,0;PLANO_REGIONAL;CICLO_SET26_DEZ26;REV1
TELEVENDAS-01 - TUBOS ELETRODUTOS KRONA-NOV26;TELEVENDAS;TELEVENDAS;01 - TUBOS ELETRODUTOS KRONA;2026-11-01;2139,0;PLANO_REGIONAL;CICLO_SET26_DEZ26;REV1
TELEVENDAS-02 - CONEXOES KRONA-NOV26;TELEVENDAS;TELEVENDAS;02 - CONEXOES KRONA;2026-11-01;26810,0;PLANO_REGIONAL;CICLO_SET26_DEZ26;REV1
TELEVENDAS-03 - ACESSORIOS KRONA-NOV26;TELEVENDAS;TELEVENDAS;03 - ACESSORIOS KRONA;2026-11-01;4000,0;PLANO_REGIONAL;CICLO_SET26_DEZ26;REV1
TELEVENDAS-04 - PRODUTOS REVENDA-NOV26;TELEVENDAS;TELEVENDAS;04 - PRODUTOS REVENDA;2026-11-01;1614,0;PLANO_REGIONAL;CICLO_SET26_DEZ26;REV1
TELEVENDAS-29 - PPR-NOV26;TELEVENDAS;TELEVENDAS;29 - PPR;2026-11-01;90,0;PLANO_REGIONAL;CICLO_SET26_DEZ26;REV1
TELEVENDAS-30 - ELETRODUTOS CORRUGADOS KRONA-NOV26;TELEVENDAS;TELEVENDAS;30 - ELETRODUTOS CORRUGADOS KRONA;2026-11-01;6505,0;PLANO_REGIONAL;CICLO_SET26_DEZ26;REV1
TELEVENDAS-31 - CPVC ULTRATERM-NOV26;TELEVENDAS;TELEVENDAS;31 - CPVC ULTRATERM;2026-11-01;400,0;PLANO_REGIONAL;CICLO_SET26_DEZ26;REV1
CENTRO OESTE-00 - TUBOS PVC KRONA-DEZ26;CO NO;CENTRO OESTE;00 - TUBOS PVC KRONA;2026-12-01;663427,0;PLANO_REGIONAL;CICLO_SET26_DEZ26;REV1
CENTRO OESTE-01 - TUBOS ELETRODUTOS KRONA-DEZ26;CO NO;CENTRO OESTE;01 - TUBOS ELETRODUTOS KRONA;2026-12-01;4926,0;PLANO_REGIONAL;CICLO_SET26_DEZ26;REV1
CENTRO OESTE-02 - CONEXOES KRONA-DEZ26;CO NO;CENTRO OESTE;02 - CONEXOES KRONA;2026-12-01;139328,0;PLANO_REGIONAL;CICLO_SET26_DEZ26;REV1
CENTRO OESTE-03 - ACESSORIOS KRONA-DEZ26;CO NO;CENTRO OESTE;03 - ACESSORIOS KRONA;2026-12-01;24367,0;PLANO_REGIONAL;CICLO_SET26_DEZ26;REV1
CENTRO OESTE-04 - PRODUTOS REVENDA-DEZ26;CO NO;CENTRO OESTE;04 - PRODUTOS REVENDA;2026-12-01;8824,0;PLANO_REGIONAL;CICLO_SET26_DEZ26;REV1
CENTRO OESTE-29 - PPR-DEZ26;CO NO;CENTRO OESTE;29 - PPR;2026-12-01;0,0;PLANO_REGIONAL;CICLO_SET26_DEZ26;REV1
CENTRO OESTE-30 - ELETRODUTOS CORRUGADOS KRONA-DEZ26;CO NO;CENTRO OESTE;30 - ELETRODUTOS CORRUGADOS KRONA;2026-12-01;58638,0;PLANO_REGIONAL;CICLO_SET26_DEZ26;REV1
CENTRO OESTE-31 - CPVC ULTRATERM-DEZ26;CO NO;CENTRO OESTE;31 - CPVC ULTRATERM;2026-12-01;3723,0;PLANO_REGIONAL;CICLO_SET26_DEZ26;REV1
NORTE-00 - TUBOS PVC KRONA-DEZ26;CO NO;NORTE;00 - TUBOS PVC KRONA;2026-12-01;254294,0;PLANO_REGIONAL;CICLO_SET26_DEZ26;REV1
NORTE-01 - TUBOS ELETRODUTOS KRONA-DEZ26;CO NO;NORTE;01 - TUBOS ELETRODUTOS KRONA;2026-12-01;5898,0;PLANO_REGIONAL;CICLO_SET26_DEZ26;REV1
NORTE-02 - CONEXOES KRONA-DEZ26;CO NO;NORTE;02 - CONEXOES KRONA;2026-12-01;65005,0;PLANO_REGIONAL;CICLO_SET26_DEZ26;REV1
NORTE-03 - ACESSORIOS KRONA-DEZ26;CO NO;NORTE;03 - ACESSORIOS KRONA;2026-12-01;8161,0;PLANO_REGIONAL;CICLO_SET26_DEZ26;REV1
NORTE-04 - PRODUTOS REVENDA-DEZ26;CO NO;NORTE;04 - PRODUTOS REVENDA;2026-12-01;1678,0;PLANO_REGIONAL;CICLO_SET26_DEZ26;REV1
NORTE-29 - PPR-DEZ26;CO NO;NORTE;29 - PPR;2026-12-01;0,0;PLANO_REGIONAL;CICLO_SET26_DEZ26;REV1
NORTE-30 - ELETRODUTOS CORRUGADOS KRONA-DEZ26;CO NO;NORTE;30 - ELETRODUTOS CORRUGADOS KRONA;2026-12-01;19022,0;PLANO_REGIONAL;CICLO_SET26_DEZ26;REV1
NORTE-31 - CPVC ULTRATERM-DEZ26;CO NO;NORTE;31 - CPVC ULTRATERM;2026-12-01;169,0;PLANO_REGIONAL;CICLO_SET26_DEZ26;REV1
CONSTRUTORA 1-00 - TUBOS PVC KRONA-DEZ26;CONSTRUTORA;CONSTRUTORA 1;00 - TUBOS PVC KRONA;2026-12-01;287500,38090693904;PLANO_REGIONAL;CICLO_SET26_DEZ26;REV1
CONSTRUTORA 1-01 - TUBOS ELETRODUTOS KRONA-DEZ26;CONSTRUTORA;CONSTRUTORA 1;01 - TUBOS ELETRODUTOS KRONA;2026-12-01;8293,536120401339;PLANO_REGIONAL;CICLO_SET26_DEZ26;REV1
CONSTRUTORA 1-02 - CONEXOES KRONA-DEZ26;CONSTRUTORA;CONSTRUTORA 1;02 - CONEXOES KRONA;2026-12-01;66961,39143760907;PLANO_REGIONAL;CICLO_SET26_DEZ26;REV1
CONSTRUTORA 1-03 - ACESSORIOS KRONA-DEZ26;CONSTRUTORA;CONSTRUTORA 1;03 - ACESSORIOS KRONA;2026-12-01;2282,031092821216;PLANO_REGIONAL;CICLO_SET26_DEZ26;REV1
CONSTRUTORA 1-04 - PRODUTOS REVENDA-DEZ26;CONSTRUTORA;CONSTRUTORA 1;04 - PRODUTOS REVENDA;2026-12-01;6658,810556584463;PLANO_REGIONAL;CICLO_SET26_DEZ26;REV1
CONSTRUTORA 1-29 - PPR-DEZ26;CONSTRUTORA;CONSTRUTORA 1;29 - PPR;2026-12-01;8375,369116432701;PLANO_REGIONAL;CICLO_SET26_DEZ26;REV1
CONSTRUTORA 1-30 - ELETRODUTOS CORRUGADOS KRONA-DEZ26;CONSTRUTORA;CONSTRUTORA 1;30 - ELETRODUTOS CORRUGADOS KRONA;2026-12-01;63279,74076985375;PLANO_REGIONAL;CICLO_SET26_DEZ26;REV1
CONSTRUTORA 1-31 - CPVC ULTRATERM-DEZ26;CONSTRUTORA;CONSTRUTORA 1;31 - CPVC ULTRATERM;2026-12-01;6343,995900111815;PLANO_REGIONAL;CICLO_SET26_DEZ26;REV1
CONSTRUTORA 2-00 - TUBOS PVC KRONA-DEZ26;CONSTRUTORA;CONSTRUTORA 2;00 - TUBOS PVC KRONA;2026-12-01;452650,6190930609;PLANO_REGIONAL;CICLO_SET26_DEZ26;REV1
CONSTRUTORA 2-01 - TUBOS ELETRODUTOS KRONA-DEZ26;CONSTRUTORA;CONSTRUTORA 2;01 - TUBOS ELETRODUTOS KRONA;2026-12-01;34590,46387959866;PLANO_REGIONAL;CICLO_SET26_DEZ26;REV1
CONSTRUTORA 2-02 - CONEXOES KRONA-DEZ26;CONSTRUTORA;CONSTRUTORA 2;02 - CONEXOES KRONA;2026-12-01;92520,60856239092;PLANO_REGIONAL;CICLO_SET26_DEZ26;REV1
CONSTRUTORA 2-03 - ACESSORIOS KRONA-DEZ26;CONSTRUTORA;CONSTRUTORA 2;03 - ACESSORIOS KRONA;2026-12-01;4110,968907178784;PLANO_REGIONAL;CICLO_SET26_DEZ26;REV1
CONSTRUTORA 2-04 - PRODUTOS REVENDA-DEZ26;CONSTRUTORA;CONSTRUTORA 2;04 - PRODUTOS REVENDA;2026-12-01;9952,189443415538;PLANO_REGIONAL;CICLO_SET26_DEZ26;REV1
CONSTRUTORA 2-29 - PPR-DEZ26;CONSTRUTORA;CONSTRUTORA 2;29 - PPR;2026-12-01;7200,6308835673;PLANO_REGIONAL;CICLO_SET26_DEZ26;REV1
CONSTRUTORA 2-30 - ELETRODUTOS CORRUGADOS KRONA-DEZ26;CONSTRUTORA;CONSTRUTORA 2;30 - ELETRODUTOS CORRUGADOS KRONA;2026-12-01;46654,25923014626;PLANO_REGIONAL;CICLO_SET26_DEZ26;REV1
CONSTRUTORA 2-31 - CPVC ULTRATERM-DEZ26;CONSTRUTORA;CONSTRUTORA 2;31 - CPVC ULTRATERM;2026-12-01;5227,004099888185;PLANO_REGIONAL;CICLO_SET26_DEZ26;REV1
EXPORTACAO-00 - TUBOS PVC KRONA-DEZ26;EXPORTACAO;EXPORTACAO;00 - TUBOS PVC KRONA;2026-12-01;16824,0;PLANO_REGIONAL;CICLO_SET26_DEZ26;REV1
EXPORTACAO-01 - TUBOS ELETRODUTOS KRONA-DEZ26;EXPORTACAO;EXPORTACAO;01 - TUBOS ELETRODUTOS KRONA;2026-12-01;46,0;PLANO_REGIONAL;CICLO_SET26_DEZ26;REV1
EXPORTACAO-02 - CONEXOES KRONA-DEZ26;EXPORTACAO;EXPORTACAO;02 - CONEXOES KRONA;2026-12-01;70285,0;PLANO_REGIONAL;CICLO_SET26_DEZ26;REV1
EXPORTACAO-03 - ACESSORIOS KRONA-DEZ26;EXPORTACAO;EXPORTACAO;03 - ACESSORIOS KRONA;2026-12-01;11934,0;PLANO_REGIONAL;CICLO_SET26_DEZ26;REV1
EXPORTACAO-04 - PRODUTOS REVENDA-DEZ26;EXPORTACAO;EXPORTACAO;04 - PRODUTOS REVENDA;2026-12-01;316,0;PLANO_REGIONAL;CICLO_SET26_DEZ26;REV1
EXPORTACAO-30 - ELETRODUTOS CORRUGADOS KRONA-DEZ26;EXPORTACAO;EXPORTACAO;30 - ELETRODUTOS CORRUGADOS KRONA;2026-12-01;1500,0;PLANO_REGIONAL;CICLO_SET26_DEZ26;REV1
EXPORTACAO-31 - CPVC ULTRATERM-DEZ26;EXPORTACAO;EXPORTACAO;31 - CPVC ULTRATERM;2026-12-01;0,0;PLANO_REGIONAL;CICLO_SET26_DEZ26;REV1
IRRIGACAO 1-00 - TUBOS PVC KRONA-DEZ26;IRRIGACAO;IRRIGACAO 1;00 - TUBOS PVC KRONA;2026-12-01;6680,0;PLANO_REGIONAL;CICLO_SET26_DEZ26;REV1
IRRIGACAO 1-01 - TUBOS ELETRODUTOS KRONA-DEZ26;IRRIGACAO;IRRIGACAO 1;01 - TUBOS ELETRODUTOS KRONA;2026-12-01;45,0;PLANO_REGIONAL;CICLO_SET26_DEZ26;REV1
IRRIGACAO 1-02 - CONEXOES KRONA-DEZ26;IRRIGACAO;IRRIGACAO 1;02 - CONEXOES KRONA;2026-12-01;3399,0;PLANO_REGIONAL;CICLO_SET26_DEZ26;REV1
IRRIGACAO 1-03 - ACESSORIOS KRONA-DEZ26;IRRIGACAO;IRRIGACAO 1;03 - ACESSORIOS KRONA;2026-12-01;69,0;PLANO_REGIONAL;CICLO_SET26_DEZ26;REV1
IRRIGACAO 1-04 - PRODUTOS REVENDA-DEZ26;IRRIGACAO;IRRIGACAO 1;04 - PRODUTOS REVENDA;2026-12-01;140,0;PLANO_REGIONAL;CICLO_SET26_DEZ26;REV1
IRRIGACAO 1-29 - PPR-DEZ26;IRRIGACAO;IRRIGACAO 1;29 - PPR;2026-12-01;0,0;PLANO_REGIONAL;CICLO_SET26_DEZ26;REV1
IRRIGACAO 1-30 - ELETRODUTOS CORRUGADOS KRONA-DEZ26;IRRIGACAO;IRRIGACAO 1;30 - ELETRODUTOS CORRUGADOS KRONA;2026-12-01;30,0;PLANO_REGIONAL;CICLO_SET26_DEZ26;REV1
IRRIGACAO 1-31 - CPVC ULTRATERM-DEZ26;IRRIGACAO;IRRIGACAO 1;31 - CPVC ULTRATERM;2026-12-01;0,0;PLANO_REGIONAL;CICLO_SET26_DEZ26;REV1
IRRIGACAO 2-00 - TUBOS PVC KRONA-DEZ26;IRRIGACAO;IRRIGACAO 2;00 - TUBOS PVC KRONA;2026-12-01;3641,0;PLANO_REGIONAL;CICLO_SET26_DEZ26;REV1
IRRIGACAO 2-01 - TUBOS ELETRODUTOS KRONA-DEZ26;IRRIGACAO;IRRIGACAO 2;01 - TUBOS ELETRODUTOS KRONA;2026-12-01;138,0;PLANO_REGIONAL;CICLO_SET26_DEZ26;REV1
IRRIGACAO 2-02 - CONEXOES KRONA-DEZ26;IRRIGACAO;IRRIGACAO 2;02 - CONEXOES KRONA;2026-12-01;2698,0;PLANO_REGIONAL;CICLO_SET26_DEZ26;REV1
IRRIGACAO 2-03 - ACESSORIOS KRONA-DEZ26;IRRIGACAO;IRRIGACAO 2;03 - ACESSORIOS KRONA;2026-12-01;49,0;PLANO_REGIONAL;CICLO_SET26_DEZ26;REV1
IRRIGACAO 2-04 - PRODUTOS REVENDA-DEZ26;IRRIGACAO;IRRIGACAO 2;04 - PRODUTOS REVENDA;2026-12-01;80,0;PLANO_REGIONAL;CICLO_SET26_DEZ26;REV1
IRRIGACAO 2-30 - ELETRODUTOS CORRUGADOS KRONA-DEZ26;IRRIGACAO;IRRIGACAO 2;30 - ELETRODUTOS CORRUGADOS KRONA;2026-12-01;40,0;PLANO_REGIONAL;CICLO_SET26_DEZ26;REV1
IRRIGACAO 2-31 - CPVC ULTRATERM-DEZ26;IRRIGACAO;IRRIGACAO 2;31 - CPVC ULTRATERM;2026-12-01;0,0;PLANO_REGIONAL;CICLO_SET26_DEZ26;REV1
MINAS GERAIS-00 - TUBOS PVC KRONA-DEZ26;MINAS RJ/ES;MINAS GERAIS;00 - TUBOS PVC KRONA;2026-12-01;600000,0;PLANO_REGIONAL;CICLO_SET26_DEZ26;REV1
MINAS GERAIS-01 - TUBOS ELETRODUTOS KRONA-DEZ26;MINAS RJ/ES;MINAS GERAIS;01 - TUBOS ELETRODUTOS KRONA;2026-12-01;10050,0;PLANO_REGIONAL;CICLO_SET26_DEZ26;REV1
MINAS GERAIS-02 - CONEXOES KRONA-DEZ26;MINAS RJ/ES;MINAS GERAIS;02 - CONEXOES KRONA;2026-12-01;310841,0;PLANO_REGIONAL;CICLO_SET26_DEZ26;REV1
MINAS GERAIS-03 - ACESSORIOS KRONA-DEZ26;MINAS RJ/ES;MINAS GERAIS;03 - ACESSORIOS KRONA;2026-12-01;65777,0;PLANO_REGIONAL;CICLO_SET26_DEZ26;REV1
MINAS GERAIS-04 - PRODUTOS REVENDA-DEZ26;MINAS RJ/ES;MINAS GERAIS;04 - PRODUTOS REVENDA;2026-12-01;21463,0;PLANO_REGIONAL;CICLO_SET26_DEZ26;REV1
MINAS GERAIS-29 - PPR-DEZ26;MINAS RJ/ES;MINAS GERAIS;29 - PPR;2026-12-01;0,0;PLANO_REGIONAL;CICLO_SET26_DEZ26;REV1
MINAS GERAIS-30 - ELETRODUTOS CORRUGADOS KRONA-DEZ26;MINAS RJ/ES;MINAS GERAIS;30 - ELETRODUTOS CORRUGADOS KRONA;2026-12-01;124561,0;PLANO_REGIONAL;CICLO_SET26_DEZ26;REV1
MINAS GERAIS-31 - CPVC ULTRATERM-DEZ26;MINAS RJ/ES;MINAS GERAIS;31 - CPVC ULTRATERM;2026-12-01;14763,0;PLANO_REGIONAL;CICLO_SET26_DEZ26;REV1
RJ/ES-00 - TUBOS PVC KRONA-DEZ26;MINAS RJ/ES;RJ/ES;00 - TUBOS PVC KRONA;2026-12-01;296682,0;PLANO_REGIONAL;CICLO_SET26_DEZ26;REV1
RJ/ES-01 - TUBOS ELETRODUTOS KRONA-DEZ26;MINAS RJ/ES;RJ/ES;01 - TUBOS ELETRODUTOS KRONA;2026-12-01;1719,0;PLANO_REGIONAL;CICLO_SET26_DEZ26;REV1
RJ/ES-02 - CONEXOES KRONA-DEZ26;MINAS RJ/ES;RJ/ES;02 - CONEXOES KRONA;2026-12-01;77000,0;PLANO_REGIONAL;CICLO_SET26_DEZ26;REV1
RJ/ES-03 - ACESSORIOS KRONA-DEZ26;MINAS RJ/ES;RJ/ES;03 - ACESSORIOS KRONA;2026-12-01;19924,0;PLANO_REGIONAL;CICLO_SET26_DEZ26;REV1
RJ/ES-04 - PRODUTOS REVENDA-DEZ26;MINAS RJ/ES;RJ/ES;04 - PRODUTOS REVENDA;2026-12-01;2526,0;PLANO_REGIONAL;CICLO_SET26_DEZ26;REV1
RJ/ES-29 - PPR-DEZ26;MINAS RJ/ES;RJ/ES;29 - PPR;2026-12-01;0,0;PLANO_REGIONAL;CICLO_SET26_DEZ26;REV1
RJ/ES-30 - ELETRODUTOS CORRUGADOS KRONA-DEZ26;MINAS RJ/ES;RJ/ES;30 - ELETRODUTOS CORRUGADOS KRONA;2026-12-01;20000,0;PLANO_REGIONAL;CICLO_SET26_DEZ26;REV1
RJ/ES-31 - CPVC ULTRATERM-DEZ26;MINAS RJ/ES;RJ/ES;31 - CPVC ULTRATERM;2026-12-01;1735,0;PLANO_REGIONAL;CICLO_SET26_DEZ26;REV1
NORDESTE 1-00 - TUBOS PVC KRONA-DEZ26;NORDESTE;NORDESTE 1;00 - TUBOS PVC KRONA;2026-12-01;350000,0;PLANO_REGIONAL;CICLO_SET26_DEZ26;REV1
NORDESTE 1-01 - TUBOS ELETRODUTOS KRONA-DEZ26;NORDESTE;NORDESTE 1;01 - TUBOS ELETRODUTOS KRONA;2026-12-01;17000,0;PLANO_REGIONAL;CICLO_SET26_DEZ26;REV1
NORDESTE 1-02 - CONEXOES KRONA-DEZ26;NORDESTE;NORDESTE 1;02 - CONEXOES KRONA;2026-12-01;79000,0;PLANO_REGIONAL;CICLO_SET26_DEZ26;REV1
NORDESTE 1-03 - ACESSORIOS KRONA-DEZ26;NORDESTE;NORDESTE 1;03 - ACESSORIOS KRONA;2026-12-01;15000,0;PLANO_REGIONAL;CICLO_SET26_DEZ26;REV1
NORDESTE 1-04 - PRODUTOS REVENDA-DEZ26;NORDESTE;NORDESTE 1;04 - PRODUTOS REVENDA;2026-12-01;2000,0;PLANO_REGIONAL;CICLO_SET26_DEZ26;REV1
NORDESTE 1-29 - PPR-DEZ26;NORDESTE;NORDESTE 1;29 - PPR;2026-12-01;0,0;PLANO_REGIONAL;CICLO_SET26_DEZ26;REV1
NORDESTE 1-30 - ELETRODUTOS CORRUGADOS KRONA-DEZ26;NORDESTE;NORDESTE 1;30 - ELETRODUTOS CORRUGADOS KRONA;2026-12-01;22000,0;PLANO_REGIONAL;CICLO_SET26_DEZ26;REV1
NORDESTE 1-31 - CPVC ULTRATERM-DEZ26;NORDESTE;NORDESTE 1;31 - CPVC ULTRATERM;2026-12-01;190,0;PLANO_REGIONAL;CICLO_SET26_DEZ26;REV1
NORDESTE 2-00 - TUBOS PVC KRONA-DEZ26;NORDESTE;NORDESTE 2;00 - TUBOS PVC KRONA;2026-12-01;900660,0;PLANO_REGIONAL;CICLO_SET26_DEZ26;REV1
NORDESTE 2-01 - TUBOS ELETRODUTOS KRONA-DEZ26;NORDESTE;NORDESTE 2;01 - TUBOS ELETRODUTOS KRONA;2026-12-01;38982,0;PLANO_REGIONAL;CICLO_SET26_DEZ26;REV1
NORDESTE 2-02 - CONEXOES KRONA-DEZ26;NORDESTE;NORDESTE 2;02 - CONEXOES KRONA;2026-12-01;183262,0;PLANO_REGIONAL;CICLO_SET26_DEZ26;REV1
NORDESTE 2-03 - ACESSORIOS KRONA-DEZ26;NORDESTE;NORDESTE 2;03 - ACESSORIOS KRONA;2026-12-01;30619,0;PLANO_REGIONAL;CICLO_SET26_DEZ26;REV1
NORDESTE 2-04 - PRODUTOS REVENDA-DEZ26;NORDESTE;NORDESTE 2;04 - PRODUTOS REVENDA;2026-12-01;3055,0;PLANO_REGIONAL;CICLO_SET26_DEZ26;REV1
NORDESTE 2-29 - PPR-DEZ26;NORDESTE;NORDESTE 2;29 - PPR;2026-12-01;20,0;PLANO_REGIONAL;CICLO_SET26_DEZ26;REV1
NORDESTE 2-30 - ELETRODUTOS CORRUGADOS KRONA-DEZ26;NORDESTE;NORDESTE 2;30 - ELETRODUTOS CORRUGADOS KRONA;2026-12-01;70000,0;PLANO_REGIONAL;CICLO_SET26_DEZ26;REV1
NORDESTE 2-31 - CPVC ULTRATERM-DEZ26;NORDESTE;NORDESTE 2;31 - CPVC ULTRATERM;2026-12-01;700,0;PLANO_REGIONAL;CICLO_SET26_DEZ26;REV1
NORDESTE 3-00 - TUBOS PVC KRONA-DEZ26;NORDESTE;NORDESTE 3;00 - TUBOS PVC KRONA;2026-12-01;767245,2;PLANO_REGIONAL;CICLO_SET26_DEZ26;REV1
NORDESTE 3-01 - TUBOS ELETRODUTOS KRONA-DEZ26;NORDESTE;NORDESTE 3;01 - TUBOS ELETRODUTOS KRONA;2026-12-01;31952,399999999998;PLANO_REGIONAL;CICLO_SET26_DEZ26;REV1
NORDESTE 3-02 - CONEXOES KRONA-DEZ26;NORDESTE;NORDESTE 3;02 - CONEXOES KRONA;2026-12-01;135206,4;PLANO_REGIONAL;CICLO_SET26_DEZ26;REV1
NORDESTE 3-03 - ACESSORIOS KRONA-DEZ26;NORDESTE;NORDESTE 3;03 - ACESSORIOS KRONA;2026-12-01;22358,399999999998;PLANO_REGIONAL;CICLO_SET26_DEZ26;REV1
NORDESTE 3-04 - PRODUTOS REVENDA-DEZ26;NORDESTE;NORDESTE 3;04 - PRODUTOS REVENDA;2026-12-01;2175,6;PLANO_REGIONAL;CICLO_SET26_DEZ26;REV1
NORDESTE 3-29 - PPR-DEZ26;NORDESTE;NORDESTE 3;29 - PPR;2026-12-01;20,0;PLANO_REGIONAL;CICLO_SET26_DEZ26;REV1
NORDESTE 3-30 - ELETRODUTOS CORRUGADOS KRONA-DEZ26;NORDESTE;NORDESTE 3;30 - ELETRODUTOS CORRUGADOS KRONA;2026-12-01;70000,0;PLANO_REGIONAL;CICLO_SET26_DEZ26;REV1
NORDESTE 3-31 - CPVC ULTRATERM-DEZ26;NORDESTE;NORDESTE 3;31 - CPVC ULTRATERM;2026-12-01;388,0;PLANO_REGIONAL;CICLO_SET26_DEZ26;REV1
SAO PAULO CAPITAL-00 - TUBOS PVC KRONA-DEZ26;SP;SAO PAULO CAPITAL;00 - TUBOS PVC KRONA;2026-12-01;156439,0;PLANO_REGIONAL;CICLO_SET26_DEZ26;REV1
SAO PAULO CAPITAL-01 - TUBOS ELETRODUTOS KRONA-DEZ26;SP;SAO PAULO CAPITAL;01 - TUBOS ELETRODUTOS KRONA;2026-12-01;645,0;PLANO_REGIONAL;CICLO_SET26_DEZ26;REV1
SAO PAULO CAPITAL-02 - CONEXOES KRONA-DEZ26;SP;SAO PAULO CAPITAL;02 - CONEXOES KRONA;2026-12-01;43301,0;PLANO_REGIONAL;CICLO_SET26_DEZ26;REV1
SAO PAULO CAPITAL-03 - ACESSORIOS KRONA-DEZ26;SP;SAO PAULO CAPITAL;03 - ACESSORIOS KRONA;2026-12-01;7155,0;PLANO_REGIONAL;CICLO_SET26_DEZ26;REV1
SAO PAULO CAPITAL-04 - PRODUTOS REVENDA-DEZ26;SP;SAO PAULO CAPITAL;04 - PRODUTOS REVENDA;2026-12-01;3236,0;PLANO_REGIONAL;CICLO_SET26_DEZ26;REV1
SAO PAULO CAPITAL-29 - PPR-DEZ26;SP;SAO PAULO CAPITAL;29 - PPR;2026-12-01;61,0;PLANO_REGIONAL;CICLO_SET26_DEZ26;REV1
SAO PAULO CAPITAL-30 - ELETRODUTOS CORRUGADOS KRONA-DEZ26;SP;SAO PAULO CAPITAL;30 - ELETRODUTOS CORRUGADOS KRONA;2026-12-01;13734,0;PLANO_REGIONAL;CICLO_SET26_DEZ26;REV1
SAO PAULO CAPITAL-31 - CPVC ULTRATERM-DEZ26;SP;SAO PAULO CAPITAL;31 - CPVC ULTRATERM;2026-12-01;776,0;PLANO_REGIONAL;CICLO_SET26_DEZ26;REV1
SAO PAULO CAPITAL 2-00 - TUBOS PVC KRONA-DEZ26;SP;SAO PAULO CAPITAL 2;00 - TUBOS PVC KRONA;2026-12-01;289419,0;PLANO_REGIONAL;CICLO_SET26_DEZ26;REV1
SAO PAULO CAPITAL 2-01 - TUBOS ELETRODUTOS KRONA-DEZ26;SP;SAO PAULO CAPITAL 2;01 - TUBOS ELETRODUTOS KRONA;2026-12-01;150,0;PLANO_REGIONAL;CICLO_SET26_DEZ26;REV1
SAO PAULO CAPITAL 2-02 - CONEXOES KRONA-DEZ26;SP;SAO PAULO CAPITAL 2;02 - CONEXOES KRONA;2026-12-01;87095,0;PLANO_REGIONAL;CICLO_SET26_DEZ26;REV1
SAO PAULO CAPITAL 2-03 - ACESSORIOS KRONA-DEZ26;SP;SAO PAULO CAPITAL 2;03 - ACESSORIOS KRONA;2026-12-01;12993,0;PLANO_REGIONAL;CICLO_SET26_DEZ26;REV1
SAO PAULO CAPITAL 2-04 - PRODUTOS REVENDA-DEZ26;SP;SAO PAULO CAPITAL 2;04 - PRODUTOS REVENDA;2026-12-01;4670,0;PLANO_REGIONAL;CICLO_SET26_DEZ26;REV1
SAO PAULO CAPITAL 2-30 - ELETRODUTOS CORRUGADOS KRONA-DEZ26;SP;SAO PAULO CAPITAL 2;30 - ELETRODUTOS CORRUGADOS KRONA;2026-12-01;12660,0;PLANO_REGIONAL;CICLO_SET26_DEZ26;REV1
SAO PAULO CAPITAL 2-31 - CPVC ULTRATERM-DEZ26;SP;SAO PAULO CAPITAL 2;31 - CPVC ULTRATERM;2026-12-01;1540,0;PLANO_REGIONAL;CICLO_SET26_DEZ26;REV1
SAO PAULO INTERIOR-00 - TUBOS PVC KRONA-DEZ26;SP;SAO PAULO INTERIOR;00 - TUBOS PVC KRONA;2026-12-01;301851,0;PLANO_REGIONAL;CICLO_SET26_DEZ26;REV1
SAO PAULO INTERIOR-01 - TUBOS ELETRODUTOS KRONA-DEZ26;SP;SAO PAULO INTERIOR;01 - TUBOS ELETRODUTOS KRONA;2026-12-01;400,0;PLANO_REGIONAL;CICLO_SET26_DEZ26;REV1
SAO PAULO INTERIOR-02 - CONEXOES KRONA-DEZ26;SP;SAO PAULO INTERIOR;02 - CONEXOES KRONA;2026-12-01;57405,0;PLANO_REGIONAL;CICLO_SET26_DEZ26;REV1
SAO PAULO INTERIOR-03 - ACESSORIOS KRONA-DEZ26;SP;SAO PAULO INTERIOR;03 - ACESSORIOS KRONA;2026-12-01;7555,0;PLANO_REGIONAL;CICLO_SET26_DEZ26;REV1
SAO PAULO INTERIOR-04 - PRODUTOS REVENDA-DEZ26;SP;SAO PAULO INTERIOR;04 - PRODUTOS REVENDA;2026-12-01;3894,0;PLANO_REGIONAL;CICLO_SET26_DEZ26;REV1
SAO PAULO INTERIOR-29 - PPR-DEZ26;SP;SAO PAULO INTERIOR;29 - PPR;2026-12-01;26,0;PLANO_REGIONAL;CICLO_SET26_DEZ26;REV1
SAO PAULO INTERIOR-30 - ELETRODUTOS CORRUGADOS KRONA-DEZ26;SP;SAO PAULO INTERIOR;30 - ELETRODUTOS CORRUGADOS KRONA;2026-12-01;18103,0;PLANO_REGIONAL;CICLO_SET26_DEZ26;REV1
SAO PAULO INTERIOR-31 - CPVC ULTRATERM-DEZ26;SP;SAO PAULO INTERIOR;31 - CPVC ULTRATERM;2026-12-01;2761,0;PLANO_REGIONAL;CICLO_SET26_DEZ26;REV1
PARANA-00 - TUBOS PVC KRONA-DEZ26;SUL;PARANA;00 - TUBOS PVC KRONA;2026-12-01;154849,0;PLANO_REGIONAL;CICLO_SET26_DEZ26;REV1
PARANA-01 - TUBOS ELETRODUTOS KRONA-DEZ26;SUL;PARANA;01 - TUBOS ELETRODUTOS KRONA;2026-12-01;185,0;PLANO_REGIONAL;CICLO_SET26_DEZ26;REV1
PARANA-02 - CONEXOES KRONA-DEZ26;SUL;PARANA;02 - CONEXOES KRONA;2026-12-01;38549,0;PLANO_REGIONAL;CICLO_SET26_DEZ26;REV1
PARANA-03 - ACESSORIOS KRONA-DEZ26;SUL;PARANA;03 - ACESSORIOS KRONA;2026-12-01;5314,0;PLANO_REGIONAL;CICLO_SET26_DEZ26;REV1
PARANA-04 - PRODUTOS REVENDA-DEZ26;SUL;PARANA;04 - PRODUTOS REVENDA;2026-12-01;1650,0;PLANO_REGIONAL;CICLO_SET26_DEZ26;REV1
PARANA-29 - PPR-DEZ26;SUL;PARANA;29 - PPR;2026-12-01;89,0;PLANO_REGIONAL;CICLO_SET26_DEZ26;REV1
PARANA-30 - ELETRODUTOS CORRUGADOS KRONA-DEZ26;SUL;PARANA;30 - ELETRODUTOS CORRUGADOS KRONA;2026-12-01;13907,0;PLANO_REGIONAL;CICLO_SET26_DEZ26;REV1
PARANA-31 - CPVC ULTRATERM-DEZ26;SUL;PARANA;31 - CPVC ULTRATERM;2026-12-01;891,0;PLANO_REGIONAL;CICLO_SET26_DEZ26;REV1
RIO GRANDE DO SUL-00 - TUBOS PVC KRONA-DEZ26;SUL;RIO GRANDE DO SUL;00 - TUBOS PVC KRONA;2026-12-01;218979,57741705526;PLANO_REGIONAL;CICLO_SET26_DEZ26;REV1
RIO GRANDE DO SUL-01 - TUBOS ELETRODUTOS KRONA-DEZ26;SUL;RIO GRANDE DO SUL;01 - TUBOS ELETRODUTOS KRONA;2026-12-01;1163,0521084523227;PLANO_REGIONAL;CICLO_SET26_DEZ26;REV1
RIO GRANDE DO SUL-02 - CONEXOES KRONA-DEZ26;SUL;RIO GRANDE DO SUL;02 - CONEXOES KRONA;2026-12-01;81386,74897282054;PLANO_REGIONAL;CICLO_SET26_DEZ26;REV1
RIO GRANDE DO SUL-03 - ACESSORIOS KRONA-DEZ26;SUL;RIO GRANDE DO SUL;03 - ACESSORIOS KRONA;2026-12-01;8403,213334943583;PLANO_REGIONAL;CICLO_SET26_DEZ26;REV1
RIO GRANDE DO SUL-04 - PRODUTOS REVENDA-DEZ26;SUL;RIO GRANDE DO SUL;04 - PRODUTOS REVENDA;2026-12-01;4507,189979506517;PLANO_REGIONAL;CICLO_SET26_DEZ26;REV1
RIO GRANDE DO SUL-29 - PPR-DEZ26;SUL;RIO GRANDE DO SUL;29 - PPR;2026-12-01;1528,3424163433308;PLANO_REGIONAL;CICLO_SET26_DEZ26;REV1
RIO GRANDE DO SUL-30 - ELETRODUTOS CORRUGADOS KRONA-DEZ26;SUL;RIO GRANDE DO SUL;30 - ELETRODUTOS CORRUGADOS KRONA;2026-12-01;15421,281674198053;PLANO_REGIONAL;CICLO_SET26_DEZ26;REV1
RIO GRANDE DO SUL-31 - CPVC ULTRATERM-DEZ26;SUL;RIO GRANDE DO SUL;31 - CPVC ULTRATERM;2026-12-01;1478,2947841014186;PLANO_REGIONAL;CICLO_SET26_DEZ26;REV1
SANTA CATARINA 01-00 - TUBOS PVC KRONA-DEZ26;SUL;SANTA CATARINA 01;00 - TUBOS PVC KRONA;2026-12-01;164555,18142706167;PLANO_REGIONAL;CICLO_SET26_DEZ26;REV1
SANTA CATARINA 01-01 - TUBOS ELETRODUTOS KRONA-DEZ26;SUL;SANTA CATARINA 01;01 - TUBOS ELETRODUTOS KRONA;2026-12-01;489,47695361088057;PLANO_REGIONAL;CICLO_SET26_DEZ26;REV1
SANTA CATARINA 01-02 - CONEXOES KRONA-DEZ26;SUL;SANTA CATARINA 01;02 - CONEXOES KRONA;2026-12-01;56266,60762336511;PLANO_REGIONAL;CICLO_SET26_DEZ26;REV1
SANTA CATARINA 01-03 - ACESSORIOS KRONA-DEZ26;SUL;SANTA CATARINA 01;03 - ACESSORIOS KRONA;2026-12-01;2380,275018434855;PLANO_REGIONAL;CICLO_SET26_DEZ26;REV1
SANTA CATARINA 01-04 - PRODUTOS REVENDA-DEZ26;SUL;SANTA CATARINA 01;04 - PRODUTOS REVENDA;2026-12-01;2274,9604662980364;PLANO_REGIONAL;CICLO_SET26_DEZ26;REV1
SANTA CATARINA 01-29 - PPR-DEZ26;SUL;SANTA CATARINA 01;29 - PPR;2026-12-01;604,8543818222796;PLANO_REGIONAL;CICLO_SET26_DEZ26;REV1
SANTA CATARINA 01-30 - ELETRODUTOS CORRUGADOS KRONA-DEZ26;SUL;SANTA CATARINA 01;30 - ELETRODUTOS CORRUGADOS KRONA;2026-12-01;4083,815970783374;PLANO_REGIONAL;CICLO_SET26_DEZ26;REV1
SANTA CATARINA 01-31 - CPVC ULTRATERM-DEZ26;SUL;SANTA CATARINA 01;31 - CPVC ULTRATERM;2026-12-01;620,8627232522269;PLANO_REGIONAL;CICLO_SET26_DEZ26;REV1
SANTA CATARINA 02-00 - TUBOS PVC KRONA-DEZ26;SUL;SANTA CATARINA 02;00 - TUBOS PVC KRONA;2026-12-01;140502,5921473527;PLANO_REGIONAL;CICLO_SET26_DEZ26;REV1
SANTA CATARINA 02-01 - TUBOS ELETRODUTOS KRONA-DEZ26;SUL;SANTA CATARINA 02;01 - TUBOS ELETRODUTOS KRONA;2026-12-01;361,99517150387146;PLANO_REGIONAL;CICLO_SET26_DEZ26;REV1
SANTA CATARINA 02-02 - CONEXOES KRONA-DEZ26;SUL;SANTA CATARINA 02;02 - CONEXOES KRONA;2026-12-01;48650,20886419207;PLANO_REGIONAL;CICLO_SET26_DEZ26;REV1
SANTA CATARINA 02-03 - ACESSORIOS KRONA-DEZ26;SUL;SANTA CATARINA 02;03 - ACESSORIOS KRONA;2026-12-01;3073,5121936703854;PLANO_REGIONAL;CICLO_SET26_DEZ26;REV1
SANTA CATARINA 02-04 - PRODUTOS REVENDA-DEZ26;SUL;SANTA CATARINA 02;04 - PRODUTOS REVENDA;2026-12-01;2995,101006706292;PLANO_REGIONAL;CICLO_SET26_DEZ26;REV1
SANTA CATARINA 02-29 - PPR-DEZ26;SUL;SANTA CATARINA 02;29 - PPR;2026-12-01;474,78237468117936;PLANO_REGIONAL;CICLO_SET26_DEZ26;REV1
SANTA CATARINA 02-30 - ELETRODUTOS CORRUGADOS KRONA-DEZ26;SUL;SANTA CATARINA 02;30 - ELETRODUTOS CORRUGADOS KRONA;2026-12-01;6237,176485180105;PLANO_REGIONAL;CICLO_SET26_DEZ26;REV1
SANTA CATARINA 02-31 - CPVC ULTRATERM-DEZ26;SUL;SANTA CATARINA 02;31 - CPVC ULTRATERM;2026-12-01;1153,6400131594692;PLANO_REGIONAL;CICLO_SET26_DEZ26;REV1
TELEVENDAS-00 - TUBOS PVC KRONA-DEZ26;TELEVENDAS;TELEVENDAS;00 - TUBOS PVC KRONA;2026-12-01;70692,0;PLANO_REGIONAL;CICLO_SET26_DEZ26;REV1
TELEVENDAS-01 - TUBOS ELETRODUTOS KRONA-DEZ26;TELEVENDAS;TELEVENDAS;01 - TUBOS ELETRODUTOS KRONA;2026-12-01;2055,0;PLANO_REGIONAL;CICLO_SET26_DEZ26;REV1
TELEVENDAS-02 - CONEXOES KRONA-DEZ26;TELEVENDAS;TELEVENDAS;02 - CONEXOES KRONA;2026-12-01;30000,0;PLANO_REGIONAL;CICLO_SET26_DEZ26;REV1
TELEVENDAS-03 - ACESSORIOS KRONA-DEZ26;TELEVENDAS;TELEVENDAS;03 - ACESSORIOS KRONA;2026-12-01;3341,0;PLANO_REGIONAL;CICLO_SET26_DEZ26;REV1
TELEVENDAS-04 - PRODUTOS REVENDA-DEZ26;TELEVENDAS;TELEVENDAS;04 - PRODUTOS REVENDA;2026-12-01;1571,0;PLANO_REGIONAL;CICLO_SET26_DEZ26;REV1
TELEVENDAS-29 - PPR-DEZ26;TELEVENDAS;TELEVENDAS;29 - PPR;2026-12-01;100,0;PLANO_REGIONAL;CICLO_SET26_DEZ26;REV1
TELEVENDAS-30 - ELETRODUTOS CORRUGADOS KRONA-DEZ26;TELEVENDAS;TELEVENDAS;30 - ELETRODUTOS CORRUGADOS KRONA;2026-12-01;6453,0;PLANO_REGIONAL;CICLO_SET26_DEZ26;REV1
TELEVENDAS-31 - CPVC ULTRATERM-DEZ26;TELEVENDAS;TELEVENDAS;31 - CPVC ULTRATERM;2026-12-01;530,0;PLANO_REGIONAL;CICLO_SET26_DEZ26;REV1
